Date,Home Team,Away Team,Home Win Probability,Draw Probability,Away Win Probability
2026-08-23,Atlanta United,Austin FC,0.48548623528386714,0.23871403849122896,0.27579972622490384
2026-08-23,Atlanta United,CF Montréal,0.44175507969988925,0.24792706084168514,0.31031785945842555
2026-08-23,Atlanta United,Charlotte FC,0.3619013882004233,0.2431212104527782,0.39497740134679843
2026-08-23,Atlanta United,Chicago Fire,0.3221051498495549,0.25290359684900365,0.4249912533014412
2026-08-23,Atlanta United,Colorado Rapids,0.34246431174309105,0.26157429572581425,0.39596139253109497
2026-08-23,Atlanta United,Columbus Crew,0.41280989374135496,0.2535349606483758,0.3336551456102693
2026-08-23,Atlanta United,DC United,0.42432989854937053,0.24832735883817503,0.3273427426124544
2026-08-23,Atlanta United,FC Cincinnati,0.38626601192889226,0.21664148183751863,0.3970925062335891
2026-08-23,Atlanta United,FC Dallas,0.3102225109780737,0.2363776548967841,0.45339983412514206
2026-08-23,Atlanta United,Houston Dynamo,0.315657478992509,0.264664103710909,0.41967841729658223
2026-08-23,Atlanta United,Inter Miami CF,0.3392887342696201,0.22038037381218134,0.4403308919181985
2026-08-23,Atlanta United,LA Galaxy,0.4040083240866967,0.2584559204860234,0.33753575542728004
2026-08-23,Atlanta United,Los Angeles FC,0.27400667307688165,0.2597636129062009,0.4662297140169176
2026-08-23,Atlanta United,Minnesota United,0.34783874396818876,0.2632755384811547,0.3888857175506564
2026-08-23,Atlanta United,Nashville SC,0.23902733235651896,0.25056797292682387,0.5104046947166571
2026-08-23,Atlanta United,New England Revolution,0.33718814037399203,0.2568153287948218,0.4059965308311861
2026-08-23,Atlanta United,New York City FC,0.3496415310267241,0.2532385057491176,0.3971199632241583
2026-08-23,Atlanta United,New York Red Bulls,0.4686337054782233,0.2333640921177928,0.29800220240398384
2026-08-23,Atlanta United,Orlando City SC,0.4706235427205245,0.2264836075173699,0.302892849762106
2026-08-23,Atlanta United,Philadelphia Union,0.4149847290925347,0.24126835080519746,0.34374692010226776
2026-08-23,Atlanta United,Portland Timbers,0.3452590180835693,0.2337817417702954,0.4209592401461353
2026-08-23,Atlanta United,Real Salt Lake,0.3517166598057314,0.2432081040485166,0.4050752361457518
2026-08-23,Atlanta United,San Diego FC,0.3372005856798644,0.24252769245570424,0.4202717218644313
2026-08-23,Atlanta United,San Jose Earthquakes,0.3611012614610146,0.2360608635781089,0.40283787496087653
2026-08-23,Atlanta United,Seattle Sounders FC,0.39363747279539313,0.27146621297903295,0.3348963142255739
2026-08-23,Atlanta United,Sporting Kansas City,0.5831714576636348,0.21768089430492865,0.19914764803143659
2026-08-23,Atlanta United,St.Louis City,0.3372665544213422,0.2597154012028706,0.40301804437578714
2026-08-23,Atlanta United,Toronto FC,0.41042155813453335,0.2571767490199432,0.33240169284552334
2026-08-23,Atlanta United,Vancouver Whitecaps,0.17738131035764665,0.21655790873502404,0.6060607809073295
2026-08-23,Austin FC,Atlanta United,0.4481374238826568,0.24395899927044454,0.3079035768468987
2026-08-23,Austin FC,CF Montréal,0.42934616232784506,0.2412422199971564,0.32941161767499866
2026-08-23,Austin FC,Charlotte FC,0.347110509289224,0.2343109384974267,0.4185785522133493
2026-08-23,Austin FC,Chicago Fire,0.30796577449284673,0.2424555422586968,0.4495786832484565
2026-08-23,Austin FC,Colorado Rapids,0.329207514879083,0.2516307396083228,0.4191617455125941
2026-08-23,Austin FC,Columbus Crew,0.4000870599879347,0.24596747495393134,0.35394546505813385
2026-08-23,Austin FC,DC United,0.4113935891957763,0.24120715263756867,0.34739925816665496
2026-08-23,Austin FC,FC Cincinnati,0.368891009926372,0.2092608463343918,0.4218481437392363
2026-08-23,Austin FC,FC Dallas,0.29460959550793736,0.22591185925382226,0.47947854523824035
2026-08-23,Austin FC,Houston Dynamo,0.30250756369775333,0.2536712660417349,0.44382117026051177
2026-08-23,Austin FC,Inter Miami CF,0.32200794672505195,0.21136615972034886,0.46662589355459894
2026-08-23,Austin FC,LA Galaxy,0.3915484074945792,0.25051260447303697,0.3579389880323837
2026-08-23,Austin FC,Los Angeles FC,0.2606329954153131,0.24723804482546277,0.49212895975922416
2026-08-23,Austin FC,Minnesota United,0.33478844108464556,0.2534724091150873,0.41173914980026705
2026-08-23,Austin FC,Nashville SC,0.22555615114318664,0.23676479352783755,0.5376790553289756
2026-08-23,Austin FC,New England Revolution,0.32346392544999986,0.246810593199331,0.4297254813506691
2026-08-23,Austin FC,New York City FC,0.33569566622320884,0.24375783282227104,0.4205465009545201
2026-08-23,Austin FC,New York Red Bulls,0.4555709887931418,0.22770626860862314,0.3167227425982352
2026-08-23,Austin FC,Orlando City SC,0.4567956512636531,0.22107409876769873,0.3221302499686481
2026-08-23,Austin FC,Philadelphia Union,0.40101631611000355,0.2340994207355436,0.364884263154453
2026-08-23,Austin FC,Portland Timbers,0.32939099743952444,0.22464661508622039,0.44596238747425515
2026-08-23,Austin FC,Real Salt Lake,0.3368313699825437,0.2340560057343713,0.42911262428308483
2026-08-23,Austin FC,San Diego FC,0.32215594105283196,0.2328909149635487,0.44495314398361935
2026-08-23,Austin FC,San Jose Earthquakes,0.3455845777702718,0.22740337447306672,0.4270120477566613
2026-08-23,Austin FC,Seattle Sounders FC,0.3821693063422744,0.2628729024448475,0.3549577912128782
2026-08-23,Austin FC,Sporting Kansas City,0.5745299585610858,0.21398632665287998,0.21148371478603462
2026-08-23,Austin FC,St.Louis City,0.3238010170304436,0.249638283365811,0.42656069960374526
2026-08-23,Austin FC,Toronto FC,0.3980052277936062,0.2494430390068286,0.3525517331995651
2026-08-23,Austin FC,Vancouver Whitecaps,0.1638593199970404,0.2009234910792321,0.6352171889237275
2026-08-23,CF Montréal,Atlanta United,0.48600852367320735,0.241695502335022,0.27229597399177036
2026-08-23,CF Montréal,Austin FC,0.5128857805645571,0.22958734272213105,0.2575268767133119
2026-08-23,CF Montréal,Charlotte FC,0.38597097381067486,0.23860027550228807,0.37542875068703707
2026-08-23,CF Montréal,Chicago Fire,0.3439087053956115,0.24937194880095082,0.4067193458034376
2026-08-23,CF Montréal,Colorado Rapids,0.3648147445660259,0.2569851876357689,0.3782000677982054
2026-08-23,CF Montréal,Columbus Crew,0.43802920498946235,0.24664205205179085,0.31532874295874674
2026-08-23,CF Montréal,DC United,0.45012896878923475,0.24121733763879347,0.3086536935719718
2026-08-23,CF Montréal,FC Cincinnati,0.4130844359262679,0.21232260904318073,0.3745929550305513
2026-08-23,CF Montréal,FC Dallas,0.3322438125961373,0.23387695371158365,0.4338792336922787
2026-08-23,CF Montréal,Houston Dynamo,0.3366570769490977,0.2608813790141975,0.4024615440367049
2026-08-23,CF Montréal,Inter Miami CF,0.36380501736187726,0.2175429682640266,0.41865201437409594
2026-08-23,CF Montréal,LA Galaxy,0.42873159377934,0.2516859777888061,0.31958242843185375
2026-08-23,CF Montréal,Los Angeles FC,0.292991971454747,0.2574913702304594,0.44951665831479354
2026-08-23,CF Montréal,Minnesota United,0.3703443451498999,0.25842237322364353,0.37123328162645647
2026-08-23,CF Montréal,Nashville SC,0.2562030209190504,0.24958168249602677,0.49421529658492247
2026-08-23,CF Montréal,New England Revolution,0.3595161248469838,0.25260850140243635,0.38787537375057973
2026-08-23,CF Montréal,New York City FC,0.37267708544762523,0.24873829071112505,0.37858462384124986
2026-08-23,CF Montréal,New York Red Bulls,0.49619701246878106,0.22518410172737957,0.2786188858038393
2026-08-23,CF Montréal,Orlando City SC,0.49870130239977106,0.21854888267222888,0.28274981492800005
2026-08-23,CF Montréal,Philadelphia Union,0.44095589991751327,0.2348431955731733,0.3242009045093133
2026-08-23,CF Montréal,Portland Timbers,0.3691649258288576,0.23022268988755337,0.4006123842835889
2026-08-23,CF Montréal,Real Salt Lake,0.37535840839494333,0.2390460493839247,0.3855955422211318
2026-08-23,CF Montréal,San Diego FC,0.3602331886346682,0.23889725284155955,0.4008695585237721
2026-08-23,CF Montréal,San Jose Earthquakes,0.3855537470098894,0.23185763334803264,0.38258861964207774
2026-08-23,CF Montréal,Seattle Sounders FC,0.4174686126301186,0.2645147814257541,0.31801660594412734
2026-08-23,CF Montréal,Sporting Kansas City,0.611528874352513,0.205617403238396,0.18285372240909112
2026-08-23,CF Montréal,St.Louis City,0.3594700812817742,0.2553871643541598,0.38514275436406586
2026-08-23,CF Montréal,Toronto FC,0.43539027817414566,0.250211903670949,0.31439781815490525
2026-08-23,CF Montréal,Vancouver Whitecaps,0.1912366843769167,0.21788143126525303,0.5908818843578302
2026-08-23,Charlotte FC,Atlanta United,0.5829731255018646,0.21287143222442909,0.20415544227370622
2026-08-23,Charlotte FC,Austin FC,0.6122327528924184,0.19864403021935956,0.18912321688822212
2026-08-23,Charlotte FC,CF Montréal,0.565812703065287,0.21389671247793626,0.22029058445677688
2026-08-23,Charlotte FC,Chicago Fire,0.4327669910305226,0.2396319726446181,0.32760103632485943
2026-08-23,Charlotte FC,Colorado Rapids,0.45395613244399435,0.2435069566768351,0.30253691087917034
2026-08-23,Charlotte FC,Columbus Crew,0.5339532376894395,0.22380089986476293,0.24224586244579746
2026-08-23,Charlotte FC,DC United,0.5477487726173893,0.21727985212388892,0.23497137525872175
2026-08-23,Charlotte FC,FC Cincinnati,0.5198435425404784,0.1961925312183604,0.2839639262411612
2026-08-23,Charlotte FC,FC Dallas,0.42388914286939444,0.22718682974666668,0.34892402738393913
2026-08-23,Charlotte FC,Houston Dynamo,0.42187271631525924,0.25110541527923647,0.3270218684055042
2026-08-23,Charlotte FC,Inter Miami CF,0.4647379256545309,0.20778855145769443,0.3274735228877747
2026-08-23,Charlotte FC,LA Galaxy,0.5230669675529337,0.22961114922380407,0.2473218832232621
2026-08-23,Charlotte FC,Los Angeles FC,0.3726879374259762,0.2543009102804511,0.3730111522935728
2026-08-23,Charlotte FC,Minnesota United,0.4596310067707608,0.2440028605826146,0.29636613264662465
2026-08-23,Charlotte FC,Nashville SC,0.330669601954011,0.25218468272285743,0.41714571532313155
2026-08-23,Charlotte FC,New England Revolution,0.44924042473061465,0.24031874366531472,0.3104408316040706
2026-08-23,Charlotte FC,New York City FC,0.46463884017300633,0.23492948287067833,0.30043167695631506
2026-08-23,Charlotte FC,New York Red Bulls,0.5979232577401719,0.19684107757117386,0.20523566468865445
2026-08-23,Charlotte FC,Orlando City SC,0.6026362912917927,0.19058326167240172,0.2067804470358055
2026-08-23,Charlotte FC,Philadelphia Union,0.540452416897103,0.21281509434274232,0.24673248876015486
2026-08-23,Charlotte FC,Portland Timbers,0.4662647193241308,0.2186273046079933,0.3151079760678759
2026-08-23,Charlotte FC,Real Salt Lake,0.47028783856806056,0.22577241219083088,0.3039397492411087
2026-08-23,Charlotte FC,San Diego FC,0.4537711751594933,0.22778707356299793,0.3184417512775088
2026-08-23,Charlotte FC,San Jose Earthquakes,0.4835399840410323,0.2178064625192708,0.29865355343969674
2026-08-23,Charlotte FC,Seattle Sounders FC,0.5082176542576876,0.24266394568682031,0.24911840005549205
2026-08-23,Charlotte FC,Sporting Kansas City,0.7072612876557269,0.16618797581761116,0.126550736526662
2026-08-23,Charlotte FC,St.Louis City,0.4484929357119601,0.24283660804937457,0.3086704562386654
2026-08-23,Charlotte FC,Toronto FC,0.5302792045997377,0.22736027273151868,0.2423605226687437
2026-08-23,Charlotte FC,Vancouver Whitecaps,0.255852155420426,0.2310214183769645,0.5131264262026096
2026-08-23,Chicago Fire,Atlanta United,0.6061516277848874,0.21423839961522925,0.17960997259988318
2026-08-23,Chicago Fire,Austin FC,0.6353728347916089,0.1987999411611143,0.16582722404727682
2026-08-23,Chicago Fire,CF Montréal,0.5906704811141097,0.2156042279933886,0.19372529089250193
2026-08-23,Chicago Fire,Charlotte FC,0.5118177616675459,0.22861247516648445,0.25956976316596964
2026-08-23,Chicago Fire,Colorado Rapids,0.48143700270598905,0.2502906645493385,0.26827233274467227
2026-08-23,Chicago Fire,Columbus Crew,0.5596905718635989,0.22678399193630955,0.2135254362000917
2026-08-23,Chicago Fire,DC United,0.5736757879334914,0.21956535429794266,0.20675885776856573
2026-08-23,Chicago Fire,FC Cincinnati,0.5537830795163711,0.19827161640581326,0.2479453040778159
2026-08-23,Chicago Fire,FC Dallas,0.4561845180637864,0.23477621901061885,0.3090392629255947
2026-08-23,Chicago Fire,Houston Dynamo,0.4494565863319337,0.25973645412047913,0.29080695954758695
2026-08-23,Chicago Fire,Inter Miami CF,0.4995902339131704,0.21260894246173295,0.2878008236250965
2026-08-23,Chicago Fire,LA Galaxy,0.5484849415004183,0.23319749096392345,0.2183175675356583
2026-08-23,Chicago Fire,Los Angeles FC,0.4011669909511751,0.26581754461755946,0.3330154644312654
2026-08-23,Chicago Fire,Minnesota United,0.48668556999681956,0.25055841993049954,0.2627560100726811
2026-08-23,Chicago Fire,Nashville SC,0.35980734727404035,0.2663643928460692,0.37382825987989016
2026-08-23,Chicago Fire,New England Revolution,0.4776214726667788,0.24718230508764594,0.27519622224557516
2026-08-23,Chicago Fire,New York City FC,0.49325598607233356,0.240878667718427,0.26586534620923924
2026-08-23,Chicago Fire,New York Red Bulls,0.6233726125386218,0.19701856491417144,0.1796088225472069
2026-08-23,Chicago Fire,Orlando City SC,0.6291946468951195,0.19031278628243034,0.1804925668224502
2026-08-23,Chicago Fire,Philadelphia Union,0.5681740394520912,0.2150497417660267,0.21677621878188194
2026-08-23,Chicago Fire,Portland Timbers,0.49840016140870785,0.22381664059764877,0.27778319799364337
2026-08-23,Chicago Fire,Real Salt Lake,0.500545476692797,0.23108604072625932,0.2683684825809436
2026-08-23,Chicago Fire,San Diego FC,0.4845465455108686,0.23392188210551437,0.28153157238361703
2026-08-23,Chicago Fire,San Jose Earthquakes,0.5147613408046247,0.22222273178235918,0.26301592741301605
2026-08-23,Chicago Fire,Seattle Sounders FC,0.5321174896450637,0.24734993787586268,0.22053257247907346
2026-08-23,Chicago Fire,Sporting Kansas City,0.7247127153032995,0.1645648039522964,0.11072248074440412
2026-08-23,Chicago Fire,St.Louis City,0.4764075689796935,0.24983956389681097,0.2737528671234954
2026-08-23,Chicago Fire,Toronto FC,0.5555499757119554,0.2306285593514533,0.21382146493659118
2026-08-23,Chicago Fire,Vancouver Whitecaps,0.28635226370052264,0.25006394845739904,0.46358378784207843
2026-08-23,Colorado Rapids,Atlanta United,0.5726677660393108,0.2296205265317477,0.19771170742894162
2026-08-23,Colorado Rapids,Austin FC,0.601368261401593,0.2145227262071101,0.1841090123912967
2026-08-23,Colorado Rapids,CF Montréal,0.5570706489330028,0.23021956355562131,0.2127097875113759
2026-08-23,Colorado Rapids,Charlotte FC,0.47918019867706935,0.23996272547839773,0.2808570758445327
2026-08-23,Colorado Rapids,Chicago Fire,0.43161135983763693,0.25735984970122944,0.3110287904611337
2026-08-23,Colorado Rapids,Columbus Crew,0.5266684450508206,0.24056135523143138,0.23277019971774793
2026-08-23,Colorado Rapids,DC United,0.5402089944640401,0.2335505399813013,0.2262404655546588
2026-08-23,Colorado Rapids,FC Cincinnati,0.518311276863198,0.20961926245824467,0.27206946067855764
2026-08-23,Colorado Rapids,FC Dallas,0.4250881234685517,0.2437735599273301,0.33113831660411824
2026-08-23,Colorado Rapids,Houston Dynamo,0.41995797233507165,0.27003709295930867,0.3100049347056197
2026-08-23,Colorado Rapids,Inter Miami CF,0.4658111686387038,0.22225678769605076,0.3119320436652457
2026-08-23,Colorado Rapids,LA Galaxy,0.5158795732286257,0.2468509007193277,0.23726952605204657
2026-08-23,Colorado Rapids,Los Angeles FC,0.3736518215284593,0.27418065922269025,0.3521675192488503
2026-08-23,Colorado Rapids,Minnesota United,0.4557968938142364,0.26214594820317466,0.28205715798258907
2026-08-23,Colorado Rapids,Nashville SC,0.3341975063053738,0.2729469050678629,0.39285558862676306
2026-08-23,Colorado Rapids,New England Revolution,0.44674720763029385,0.2580650828033202,0.29518770956638585
2026-08-23,Colorado Rapids,New York City FC,0.461700889014754,0.2521304920203489,0.28616861896489715
2026-08-23,Colorado Rapids,New York Red Bulls,0.5888872293258859,0.21191728726350664,0.19919548341060764
2026-08-23,Colorado Rapids,Orlando City SC,0.5942434918388937,0.20497004202387728,0.20078646613722925
2026-08-23,Colorado Rapids,Philadelphia Union,0.5343345664183481,0.22838089171338685,0.23728454186826506
2026-08-23,Colorado Rapids,Portland Timbers,0.4655893379069777,0.23415441220583655,0.3002562498871856
2026-08-23,Colorado Rapids,Real Salt Lake,0.4682361950617446,0.24203057456147856,0.28973323037677695
2026-08-23,Colorado Rapids,San Diego FC,0.4527144587065075,0.24425147685928736,0.3030340644342053
2026-08-23,Colorado Rapids,San Jose Earthquakes,0.48161380008074767,0.23327561397219015,0.2851105859470621
2026-08-23,Colorado Rapids,Seattle Sounders FC,0.5003923446502558,0.26117710678320977,0.2384305485665343
2026-08-23,Colorado Rapids,Sporting Kansas City,0.6918871011843967,0.182138847915738,0.12597405089986552
2026-08-23,Colorado Rapids,St.Louis City,0.4457045787563223,0.2608425139357066,0.293452907307971
2026-08-23,Colorado Rapids,Toronto FC,0.5227733753082923,0.2444759107165451,0.23275071397516273
2026-08-23,Colorado Rapids,Vancouver Whitecaps,0.26437953139892106,0.2531057736538235,0.48251469494725563
2026-08-23,Columbus Crew,Atlanta United,0.5102137233013274,0.23982756308730616,0.24995871361136632
2026-08-23,Columbus Crew,Austin FC,0.5377235022648711,0.2268203973942449,0.23545610034088393
2026-08-23,Columbus Crew,CF Montréal,0.49282106178877827,0.23894191394596984,0.2682370242652519
2026-08-23,Columbus Crew,Charlotte FC,0.4116932067935176,0.24077216312634753,0.3475346300801348
2026-08-23,Columbus Crew,Chicago Fire,0.3679402489822405,0.25339841494474213,0.3786613360730176
2026-08-23,Columbus Crew,Colorado Rapids,0.38840205671297706,0.2600258530692402,0.3515720902177824
2026-08-23,Columbus Crew,DC United,0.4752020479106899,0.24070371750634267,0.2840942345829674
2026-08-23,Columbus Crew,FC Cincinnati,0.44231231684440264,0.21343096799633732,0.3442567151592604
2026-08-23,Columbus Crew,FC Dallas,0.357633998913564,0.23849080316273108,0.403875197923705
2026-08-23,Columbus Crew,Houston Dynamo,0.35945225790953167,0.265203962311845,0.3753437797786235
2026-08-23,Columbus Crew,Inter Miami CF,0.3918665820326992,0.2207709891613858,0.3873624288059149
2026-08-23,Columbus Crew,LA Galaxy,0.4528927599367871,0.25198769437366425,0.2951195456895485
2026-08-23,Columbus Crew,Los Angeles FC,0.3149138115508554,0.2639115492278186,0.4211746392213257
2026-08-23,Columbus Crew,Minnesota United,0.3938442933075519,0.2612074660241598,0.3449482406682883
2026-08-23,Columbus Crew,Nashville SC,0.2772599818477611,0.25781730947861026,0.46492270867362884
2026-08-23,Columbus Crew,New England Revolution,0.38347430300154484,0.2559072333445652,0.36061846365388994
2026-08-23,Columbus Crew,New York City FC,0.39718028645483916,0.25145873944796643,0.3513609740971946
2026-08-23,Columbus Crew,New York Red Bulls,0.5222052195163263,0.22300369383862978,0.2547910866450438
2026-08-23,Columbus Crew,Orlando City SC,0.5255575636444288,0.21629862319975518,0.25814381315581597
2026-08-23,Columbus Crew,Philadelphia Union,0.46694192701684123,0.2347185325425947,0.2983395404405641
2026-08-23,Columbus Crew,Portland Timbers,0.39571006377800416,0.23316879308768068,0.3711211431343153
2026-08-23,Columbus Crew,Real Salt Lake,0.4009451836672909,0.24168442547798147,0.3573703908547274
2026-08-23,Columbus Crew,San Diego FC,0.3856475189761107,0.24221397514695944,0.3721385058769299
2026-08-23,Columbus Crew,San Jose Earthquakes,0.4120712031194066,0.23407352365246512,0.3538552732281281
2026-08-23,Columbus Crew,Seattle Sounders FC,0.4403927440602135,0.26522336488849857,0.2943838910512881
2026-08-23,Columbus Crew,Sporting Kansas City,0.6343445390298993,0.20011887846815551,0.165536582501945
2026-08-23,Columbus Crew,St.Louis City,0.38315176500760817,0.2586770310186655,0.3581712039737263
2026-08-23,Columbus Crew,Toronto FC,0.45963981515463076,0.2502490284717979,0.2901111563735714
2026-08-23,Columbus Crew,Vancouver Whitecaps,0.2106631186192622,0.2291966295809916,0.5601402517997464
2026-08-23,DC United,Atlanta United,0.5060130975615039,0.23686246640075642,0.2571244360377396
2026-08-23,DC United,Austin FC,0.5335136317166865,0.22424900308584245,0.2422373651974708
2026-08-23,DC United,CF Montréal,0.4881147619615379,0.2358951947192277,0.2759900433192343
2026-08-23,DC United,Charlotte FC,0.40549298050011007,0.2369104840868,0.35759653541309006
2026-08-23,DC United,Chicago Fire,0.3618619630790448,0.24873983721105009,0.3893981997099052
2026-08-23,DC United,Colorado Rapids,0.38286471318297677,0.2555536604351311,0.36158162638189223
2026-08-23,DC United,Columbus Crew,0.45767722776114766,0.2431667783555503,0.2991559938833021
2026-08-23,DC United,FC Cincinnati,0.43498731518302913,0.2103634759617755,0.3546492088551954
2026-08-23,DC United,FC Dallas,0.3507470475185333,0.23390099940067163,0.4153519530807951
2026-08-23,DC United,Houston Dynamo,0.35384029766856023,0.26023483387426655,0.38592486845717316
2026-08-23,DC United,Inter Miami CF,0.3843134077731855,0.21695027195375768,0.3987363202730567
2026-08-23,DC United,LA Galaxy,0.4480130101051615,0.2483818064777078,0.30360518341713066
2026-08-23,DC United,Los Angeles FC,0.30897376015361583,0.25821894091650005,0.43280729892988407
2026-08-23,DC United,Minnesota United,0.3884343022699249,0.25678843281060293,0.354777264919472
2026-08-23,DC United,Nashville SC,0.27106999720477315,0.2514925227762098,0.4774374800190169
2026-08-23,DC United,New England Revolution,0.3776792093412074,0.2514331587033164,0.3708876319554761
2026-08-23,DC United,New York City FC,0.39133563999010074,0.24724031241099367,0.3614240475989057
2026-08-23,DC United,New York Red Bulls,0.5172985874240794,0.2204490933539405,0.2622523192219799
2026-08-23,DC United,Orlando City SC,0.5203066764377416,0.21389822268297193,0.2657951008792865
2026-08-23,DC United,Philadelphia Union,0.4613882149738939,0.23155094794884365,0.30706083707726245
2026-08-23,DC United,Portland Timbers,0.3888921355330435,0.22921720255868416,0.38189066190827214
2026-08-23,DC United,Real Salt Lake,0.39464701531127644,0.2376708399143742,0.3676821447743493
2026-08-23,DC United,San Diego FC,0.37919490730082767,0.2379844922444593,0.3828206004547127
2026-08-23,DC United,San Jose Earthquakes,0.4055112562513224,0.23032278448520002,0.3641659592634776
2026-08-23,DC United,Seattle Sounders FC,0.4359501640925263,0.26126285418034456,0.30278698172712926
2026-08-23,DC United,Sporting Kansas City,0.6317765425629507,0.19815525411160853,0.1700682033254408
2026-08-23,DC United,St.Louis City,0.3774859347999527,0.25415465356807915,0.36835941163196806
2026-08-23,DC United,Toronto FC,0.45480685329208187,0.2467347368774941,0.29845840983042404
2026-08-23,DC United,Vancouver Whitecaps,0.20402658029536258,0.2218672609819766,0.5741061587226606
2026-08-23,FC Cincinnati,Atlanta United,0.6047656349487779,0.18736010650433466,0.20787425854688743
2026-08-23,FC Cincinnati,Austin FC,0.635193836109088,0.17416411177323785,0.19064205211767435
2026-08-23,FC Cincinnati,CF Montréal,0.5851828961886801,0.18913107048067818,0.22568603333064166
2026-08-23,FC Cincinnati,Charlotte FC,0.4912329477568084,0.2000806250874622,0.3086864271557294
2026-08-23,FC Cincinnati,Chicago Fire,0.43878572176347874,0.2139214394880314,0.34729283874848976
2026-08-23,FC Cincinnati,Colorado Rapids,0.4634763056042479,0.2171486549994181,0.3193750393963339
2026-08-23,FC Cincinnati,Columbus Crew,0.550731930206251,0.19866922752182214,0.250598842271927
2026-08-23,FC Cincinnati,DC United,0.5651431098750156,0.1927334595762284,0.24212343054875593
2026-08-23,FC Cincinnati,FC Dallas,0.4264541411814112,0.20311723746302368,0.3704286213555652
2026-08-23,FC Cincinnati,Houston Dynamo,0.4286768185969789,0.22377598761154346,0.3475471937914777
2026-08-23,FC Cincinnati,Inter Miami CF,0.46849788295546385,0.186399550071497,0.34510256697303904
2026-08-23,FC Cincinnati,LA Galaxy,0.5394947994461676,0.20388544412293857,0.2566197564308939
2026-08-23,FC Cincinnati,Los Angeles FC,0.3742676695789115,0.22595645962245015,0.39977587079863836
2026-08-23,FC Cincinnati,Minnesota United,0.47001280885575775,0.21750820642448288,0.31247898471975966
2026-08-23,FC Cincinnati,Nashville SC,0.3276629487331226,0.22282758208926595,0.44950946917761164
2026-08-23,FC Cincinnati,New England Revolution,0.4575128330082408,0.2144647316142064,0.328022435377553
2026-08-23,FC Cincinnati,New York City FC,0.4738957066783079,0.20972792172851817,0.31637637159317383
2026-08-23,FC Cincinnati,New York Red Bulls,0.6181967874247043,0.17361190489768574,0.20819130767761004
2026-08-23,FC Cincinnati,Orlando City SC,0.6220874340570959,0.16830915419093945,0.20960341175196495
2026-08-23,FC Cincinnati,Philadelphia Union,0.5557520630029378,0.18932770923920966,0.2549202277578526
2026-08-23,FC Cincinnati,Portland Timbers,0.4724523136854984,0.19575124257031729,0.3317964437441844
2026-08-23,FC Cincinnati,Real Salt Lake,0.4784590511145019,0.20184953820098317,0.319691410684515
2026-08-23,FC Cincinnati,San Diego FC,0.46017501197557453,0.2036934920799566,0.33613149594446906
2026-08-23,FC Cincinnati,San Jose Earthquakes,0.4918528629699019,0.19488955561432206,0.31325758141577614
2026-08-23,FC Cincinnati,Seattle Sounders FC,0.5252346677454091,0.2152312109474468,0.25953412130714404
2026-08-23,FC Cincinnati,Sporting Kansas City,0.7368429605076111,0.1411322513505099,0.12202478814187902
2026-08-23,FC Cincinnati,St.Louis City,0.45715672005246205,0.21662202338223951,0.3262212565652985
2026-08-23,FC Cincinnati,Toronto FC,0.5472910232067681,0.2017519315693348,0.25095704522389717
2026-08-23,FC Cincinnati,Vancouver Whitecaps,0.2443760427281675,0.20013445103162142,0.5554895062402111
2026-08-23,FC Dallas,Atlanta United,0.642826810746081,0.19233654898670216,0.16483664026721695
2026-08-23,FC Dallas,Austin FC,0.6725139634970074,0.17703899524298555,0.15044704126000702
2026-08-23,FC Dallas,CF Montréal,0.6269267945407752,0.19453647792133946,0.17853672753788533
2026-08-23,FC Dallas,Charlotte FC,0.5450803914790672,0.21054178932892348,0.2443778191920093
2026-08-23,FC Dallas,Chicago Fire,0.4927818866911374,0.2296746454558066,0.27754346785305595
2026-08-23,FC Dallas,Colorado Rapids,0.5132705230334154,0.23145173707525424,0.2552777398913302
2026-08-23,FC Dallas,Columbus Crew,0.5949959010087275,0.20624648214486804,0.19875761684640447
2026-08-23,FC Dallas,DC United,0.6094245370223959,0.19906074431132303,0.19151471866628098
2026-08-23,FC Dallas,FC Cincinnati,0.589053001156827,0.18131951709986066,0.22962748174331218
2026-08-23,FC Dallas,Houston Dynamo,0.4795190335580268,0.24147436737215017,0.279006599069823
2026-08-23,FC Dallas,Inter Miami CF,0.5324132751484445,0.19677455851758252,0.2708121663339732
2026-08-23,FC Dallas,LA Galaxy,0.5834141737828403,0.212561385895017,0.204024440322143
2026-08-23,FC Dallas,Los Angeles FC,0.4281183592394468,0.2490012556885964,0.32288038507195677
2026-08-23,FC Dallas,Minnesota United,0.5188175449827238,0.2314201714421576,0.2497622835751184
2026-08-23,FC Dallas,Nashville SC,0.38377630283373465,0.25088455945370625,0.36533913771255927
2026-08-23,FC Dallas,New England Revolution,0.5092015690935805,0.22886403166282976,0.26193439924358974
2026-08-23,FC Dallas,New York City FC,0.5256362055917064,0.22244278546886667,0.25192100893942704
2026-08-23,FC Dallas,New York Red Bulls,0.6603187443694021,0.17628969336093056,0.16339156226966736
2026-08-23,FC Dallas,Orlando City SC,0.6662535021560542,0.17010256661630244,0.16364393122764326
2026-08-23,FC Dallas,Philadelphia Union,0.6037225159244358,0.19542308618771187,0.2008543978878522
2026-08-23,FC Dallas,Portland Timbers,0.5310288953258613,0.20691318031559366,0.26205792435854514
2026-08-23,FC Dallas,Real Salt Lake,0.5332590721447948,0.21332275728004968,0.25341817057515537
2026-08-23,FC Dallas,San Diego FC,0.5164324513354741,0.21664414743385568,0.26692340123067043
2026-08-23,FC Dallas,San Jose Earthquakes,0.5481768714687716,0.20468437405970644,0.24713875447152164
2026-08-23,FC Dallas,Seattle Sounders FC,0.5665513658468326,0.22600617862927322,0.20744245552389406
2026-08-23,FC Dallas,Sporting Kansas City,0.7615582227727127,0.14160910162311408,0.09683267560417316
2026-08-23,FC Dallas,St.Louis City,0.5079489955983244,0.23130201907024292,0.26074898533143287
2026-08-23,FC Dallas,Toronto FC,0.5907363342524781,0.2098746812351389,0.19938898451238338
2026-08-23,FC Dallas,Vancouver Whitecaps,0.30442276481167674,0.23740806489171626,0.458169170296607
2026-08-23,Houston Dynamo,Atlanta United,0.5942783937019852,0.22627576148604814,0.17944584481196676
2026-08-23,Houston Dynamo,Austin FC,0.6231846090821185,0.21038913976115342,0.1664262511567279
2026-08-23,Houston Dynamo,CF Montréal,0.5795729350100867,0.2272701922262325,0.19315687276368093
2026-08-23,Houston Dynamo,Charlotte FC,0.5039657192853433,0.23955664195572265,0.2564776387589341
2026-08-23,Houston Dynamo,Chicago Fire,0.45540234756317605,0.2588882697108992,0.2857093827259247
2026-08-23,Houston Dynamo,Colorado Rapids,0.4735462502069803,0.2623517379264764,0.2641020118665434
2026-08-23,Houston Dynamo,Columbus Crew,0.5494057733450607,0.2385551936740871,0.21203903298085233
2026-08-23,Houston Dynamo,DC United,0.5632050562655364,0.2310930672211023,0.20570187651336108
2026-08-23,Houston Dynamo,FC Cincinnati,0.5461165304348963,0.2076804035301586,0.24620306603494527
2026-08-23,Houston Dynamo,FC Dallas,0.4506455269858562,0.24553711113096013,0.3038173618831836
2026-08-23,Houston Dynamo,Inter Miami CF,0.49354723457437355,0.2222831510118606,0.28416961441376576
2026-08-23,Houston Dynamo,LA Galaxy,0.5383040006306041,0.24521991361354223,0.21647608575585364
2026-08-23,Houston Dynamo,Los Angeles FC,0.39609756695580733,0.27832491662984943,0.32557751641434324
2026-08-23,Houston Dynamo,Minnesota United,0.4785033813574917,0.2627120909811214,0.25878452766138693
2026-08-23,Houston Dynamo,Nashville SC,0.3564691818531119,0.279017339781416,0.36451347836547204
2026-08-23,Houston Dynamo,New England Revolution,0.47015113649150436,0.25897616221922093,0.27087270128927454
2026-08-23,Houston Dynamo,New York City FC,0.4854458801397395,0.25243348452708125,0.2621206353331793
2026-08-23,Houston Dynamo,New York Red Bulls,0.6120406019222411,0.20801367706866042,0.17994572100909823
2026-08-23,Houston Dynamo,Orlando City SC,0.6181362917887016,0.20086982775553752,0.18099388045576095
2026-08-23,Houston Dynamo,Philadelphia Union,0.5583837556213026,0.22605758759409175,0.21555865678460553
2026-08-23,Houston Dynamo,Portland Timbers,0.4915894057882846,0.23423682354364725,0.2741737706680682
2026-08-23,Houston Dynamo,Real Salt Lake,0.49308745428384526,0.2420436052790971,0.2648689404370577
2026-08-23,Houston Dynamo,San Diego FC,0.47768796999590873,0.24487749933366748,0.2774345306704238
2026-08-23,Houston Dynamo,San Jose Earthquakes,0.5072412839489345,0.23274926594526812,0.26000945010579746
2026-08-23,Houston Dynamo,Seattle Sounders FC,0.5217216387405588,0.26012552123431876,0.2181528400251223
2026-08-23,Houston Dynamo,Sporting Kansas City,0.7105958743428837,0.1764265131639749,0.11297761249314137
2026-08-23,Houston Dynamo,St.Louis City,0.46880728146168826,0.26180384240854987,0.2693888761297619
2026-08-23,Houston Dynamo,Toronto FC,0.5451824769541015,0.24261473734466146,0.2122027857012372
2026-08-23,Houston Dynamo,Vancouver Whitecaps,0.28649186402234006,0.26277854299723313,0.4507295929804268
2026-08-23,Inter Miami CF,Atlanta United,0.6429267389645175,0.1803987862467648,0.17667447478871792
2026-08-23,Inter Miami CF,Austin FC,0.6732010140930489,0.16612383178199736,0.16067515412495356
2026-08-23,Inter Miami CF,CF Montréal,0.6251094125128167,0.18283614255565142,0.19205444493153176
2026-08-23,Inter Miami CF,Charlotte FC,0.5359477650412081,0.19809242847204656,0.2659598064867454
2026-08-23,Inter Miami CF,Chicago Fire,0.48211297477599546,0.21501169965813227,0.3028753255658721
2026-08-23,Inter Miami CF,Colorado Rapids,0.5052455042469478,0.2168142678247195,0.2779402279283327
2026-08-23,Inter Miami CF,Columbus Crew,0.5914910636446441,0.1938323731244414,0.21467656323091458
2026-08-23,Inter Miami CF,DC United,0.6061569936080465,0.1872344470152263,0.20660855937672706
2026-08-23,Inter Miami CF,FC Cincinnati,0.5778502931175079,0.17180412340068982,0.2503455834818024
2026-08-23,Inter Miami CF,FC Dallas,0.47269734060320207,0.20489758331065164,0.3224050760861464
2026-08-23,Inter Miami CF,Houston Dynamo,0.47000432666825687,0.2255444120232637,0.3044512613084795
2026-08-23,Inter Miami CF,LA Galaxy,0.5798615255078421,0.19959279775564415,0.22054567673651368
2026-08-23,Inter Miami CF,Los Angeles FC,0.4154069081360733,0.2312789133133368,0.3533141785505897
2026-08-23,Inter Miami CF,Minnesota United,0.5114266178637735,0.216809580978288,0.2717638011579384
2026-08-23,Inter Miami CF,Nashville SC,0.3682657290941761,0.231426335048602,0.4003079358572218
2026-08-23,Inter Miami CF,New England Revolution,0.5001375826734731,0.21445229802975094,0.2854101192967762
2026-08-23,Inter Miami CF,New York City FC,0.5169987348395825,0.2087552275272946,0.2742460376331229
2026-08-23,Inter Miami CF,New York Red Bulls,0.6587064905673202,0.16600051220133258,0.17529299723134706
2026-08-23,Inter Miami CF,Orlando City SC,0.6637651191142745,0.16048545699915187,0.17574942388657358
2026-08-23,Inter Miami CF,Philadelphia Union,0.59863358445812,0.18416284995319646,0.21720356558868353
2026-08-23,Inter Miami CF,Portland Timbers,0.5192911115385709,0.19475484402344348,0.2859540444379854
2026-08-23,Inter Miami CF,Real Salt Lake,0.5233635573784989,0.20056517374137275,0.2760712688801283
2026-08-23,Inter Miami CF,San Diego FC,0.5053727298422009,0.2034528497582892,0.2911744203995098
2026-08-23,Inter Miami CF,San Jose Earthquakes,0.5379606741404787,0.19282548303049699,0.26921384282902433
2026-08-23,Inter Miami CF,Seattle Sounders FC,0.5639367070786234,0.21170538642905826,0.22435790649231832
2026-08-23,Inter Miami CF,Sporting Kansas City,0.7677201158545599,0.13117786730222372,0.10110201684321644
2026-08-23,Inter Miami CF,St.Louis City,0.4992879664228543,0.2166451246190257,0.28406690895811987
2026-08-23,Inter Miami CF,Toronto FC,0.5875452425406498,0.19709838377766434,0.21535637368168598
2026-08-23,Inter Miami CF,Vancouver Whitecaps,0.28352186615757174,0.21477165488549732,0.5017064789569307
2026-08-23,LA Galaxy,Atlanta United,0.5118156327055773,0.24323930617788467,0.2449450611165379
2026-08-23,LA Galaxy,Austin FC,0.5392751155731532,0.22991345118955536,0.2308114332372913
2026-08-23,LA Galaxy,CF Montréal,0.4948745495457591,0.24236124832216213,0.26276420213207885
2026-08-23,LA Galaxy,Charlotte FC,0.41519599843037197,0.2446603962653507,0.3401436053042774
2026-08-23,LA Galaxy,Chicago Fire,0.3714978132511658,0.25792134493044977,0.3705808418183844
2026-08-23,LA Galaxy,Colorado Rapids,0.391442641032629,0.2644698180418017,0.3440875409255692
2026-08-23,LA Galaxy,Columbus Crew,0.4649935557572399,0.2502736858793235,0.2847327583634363
2026-08-23,LA Galaxy,DC United,0.4775587777249898,0.24421479033735452,0.2782264319376556
2026-08-23,LA Galaxy,FC Cincinnati,0.44661021654509636,0.2165851646650554,0.3368046187898482
2026-08-23,LA Galaxy,FC Dallas,0.36189104854201254,0.2428636104014463,0.39524534105654135
2026-08-23,LA Galaxy,Houston Dynamo,0.36265636309597177,0.27002727837976404,0.36731635852426414
2026-08-23,LA Galaxy,Inter Miami CF,0.39652808622931374,0.22447894433512613,0.3789929694355602
2026-08-23,LA Galaxy,Los Angeles FC,0.3185603914186933,0.2692576189979682,0.4121819895833384
2026-08-23,LA Galaxy,Minnesota United,0.3967616446250186,0.2656255419677126,0.3376128134072688
2026-08-23,LA Galaxy,Nashville SC,0.28127220915977424,0.26362267705836,0.45510511378186574
2026-08-23,LA Galaxy,New England Revolution,0.3867437868546335,0.2603209689510847,0.3529352441942817
2026-08-23,LA Galaxy,New York City FC,0.4004430142695202,0.255666870224465,0.34389011550601484
2026-08-23,LA Galaxy,New York Red Bulls,0.5243505143991234,0.22600816759251846,0.24964131800835831
2026-08-23,LA Galaxy,Orlando City SC,0.5279702086678059,0.21914397208223715,0.25288581924995696
2026-08-23,LA Galaxy,Philadelphia Union,0.46974959427254165,0.23813766361877892,0.2921127421086795
2026-08-23,LA Galaxy,Portland Timbers,0.39976799227958426,0.2370566767670216,0.3631753309533943
2026-08-23,LA Galaxy,Real Salt Lake,0.4045642940221782,0.24567945329001192,0.34975625268781
2026-08-23,LA Galaxy,San Diego FC,0.38944632638794885,0.24635864790136222,0.36419502571068907
2026-08-23,LA Galaxy,San Jose Earthquakes,0.41586328312093296,0.23783484504342234,0.3463018718356446
2026-08-23,LA Galaxy,Seattle Sounders FC,0.4423690705374353,0.2693999842604942,0.28823094520207015
2026-08-23,LA Galaxy,Sporting Kansas City,0.6344427069522,0.20287124462212355,0.16268604842567652
2026-08-23,LA Galaxy,St.Louis City,0.38631614503816036,0.2631443882427121,0.35053946671912767
2026-08-23,LA Galaxy,Toronto FC,0.4618830462274681,0.2540249381039775,0.2840920156685544
2026-08-23,LA Galaxy,Vancouver Whitecaps,0.21535997428391995,0.2357140408233138,0.5489259848927662
2026-08-23,Los Angeles FC,Atlanta United,0.6396284587641684,0.21074208824936017,0.14962945298647137
2026-08-23,Los Angeles FC,Austin FC,0.6687812365840251,0.19391528450693885,0.1373034789090361
2026-08-23,Los Angeles FC,CF Montréal,0.6261049979328128,0.2125177452064995,0.16137725686068746
2026-08-23,Los Angeles FC,Charlotte FC,0.5532000908906138,0.22917848497308502,0.21762142413630123
2026-08-23,Los Angeles FC,Chicago Fire,0.5026207581683942,0.2513944746191485,0.24598476721245752
2026-08-23,Los Angeles FC,Colorado Rapids,0.5197513945885119,0.25337625888009496,0.2268723465313931
2026-08-23,Los Angeles FC,Columbus Crew,0.5961302840024589,0.2252157600831308,0.1786539559144102
2026-08-23,Los Angeles FC,DC United,0.6103571627471203,0.21716563574088463,0.17247720151199508
2026-08-23,Los Angeles FC,FC Cincinnati,0.6000104717492417,0.19552869596362618,0.2044608322871322
2026-08-23,Los Angeles FC,FC Dallas,0.500368480829612,0.23884468963174507,0.26078682953864296
2026-08-23,Los Angeles FC,Houston Dynamo,0.4877670990780004,0.2651313444112124,0.24710155651078725
2026-08-23,Los Angeles FC,Inter Miami CF,0.5469863089314969,0.2131750751313632,0.23983861593713973
2026-08-23,Los Angeles FC,LA Galaxy,0.5845243891594551,0.23235184830930647,0.18312376253123835
2026-08-23,Los Angeles FC,Minnesota United,0.5245007199398117,0.2533581519907861,0.22214112806940228
2026-08-23,Los Angeles FC,Nashville SC,0.3996960997442423,0.27888496632048854,0.3214189339352693
2026-08-23,Los Angeles FC,New England Revolution,0.5170219980614517,0.25037037838736836,0.23260762355118006
2026-08-23,Los Angeles FC,New York City FC,0.5329951898374315,0.2429321969360019,0.2240726132265667
2026-08-23,Los Angeles FC,New York Red Bulls,0.6594738871509261,0.19215812914259653,0.14836798370647747
2026-08-23,Los Angeles FC,Orlando City SC,0.6665674408049405,0.18493557774385366,0.14849698145120593
2026-08-23,Los Angeles FC,Philadelphia Union,0.6069745666590417,0.21258747076344947,0.18043796257750905
2026-08-23,Los Angeles FC,Portland Timbers,0.5424538506925045,0.22489714328409974,0.23264900602339572
2026-08-23,Los Angeles FC,Real Salt Lake,0.5423041303562086,0.23234522822966328,0.225350641414128
2026-08-23,Los Angeles FC,San Diego FC,0.5269056796458567,0.23619228144912915,0.23690203890501396
2026-08-23,Los Angeles FC,San Jose Earthquakes,0.5577169971771921,0.22236680310167103,0.21991619972113693
2026-08-23,Los Angeles FC,Seattle Sounders FC,0.5663077855735154,0.2478135161237409,0.18587869830274373
2026-08-23,Los Angeles FC,Sporting Kansas City,0.7512866022132707,0.15778858202025522,0.09092481576647408
2026-08-23,Los Angeles FC,St.Louis City,0.5152329772629008,0.25319988341993743,0.2315671393171617
2026-08-23,Los Angeles FC,Toronto FC,0.5914294974435809,0.22939916579257322,0.17917133676384592
2026-08-23,Los Angeles FC,Vancouver Whitecaps,0.3279493334852618,0.26915738694660085,0.40289327956813736
2026-08-23,Minnesota United,Atlanta United,0.5645218082550898,0.2330740242527868,0.20240416749212334
2026-08-23,Minnesota United,Austin FC,0.593066679098119,0.21808872562249984,0.18884459527938102
2026-08-23,Minnesota United,CF Montréal,0.5488875770057636,0.2334766107729333,0.21763581222130293
2026-08-23,Minnesota United,Charlotte FC,0.4712163604099226,0.24237279810773268,0.28641084148234464
2026-08-23,Minnesota United,Chicago Fire,0.4241878901740388,0.25943093614331136,0.31638117368264956
2026-08-23,Minnesota United,Colorado Rapids,0.44316639090077004,0.263953602621552,0.2928800064776781
2026-08-23,Minnesota United,Columbus Crew,0.5186369945865966,0.2435894033550619,0.23777360205834155
2026-08-23,Minnesota United,DC United,0.5320576241269308,0.2366417679162405,0.23130060795682883
2026-08-23,Minnesota United,FC Cincinnati,0.5095897687911047,0.21206555189762624,0.27834467931126905
2026-08-23,Minnesota United,FC Dallas,0.417486621478324,0.24557892292878472,0.3369344555928913
2026-08-23,Minnesota United,Houston Dynamo,0.41279551274409004,0.27214239242158855,0.31506209483432124
2026-08-23,Minnesota United,Inter Miami CF,0.4575213648181687,0.22425164598456648,0.31822698919726466
2026-08-23,Minnesota United,LA Galaxy,0.5079600299092242,0.2498384172544466,0.24220155283632924
2026-08-23,Minnesota United,Los Angeles FC,0.3669570486167585,0.2757876128206259,0.3572553385626154
2026-08-23,Minnesota United,Nashville SC,0.3279467442217743,0.2741000517189667,0.39795320405925905
2026-08-23,Minnesota United,New England Revolution,0.43923875433617676,0.2603335058277947,0.30042773983602855
2026-08-23,Minnesota United,New York City FC,0.4540209230080979,0.25450025624722844,0.2914788207446737
2026-08-23,Minnesota United,New York Red Bulls,0.5804499503924757,0.21527629366799883,0.20427375593952568
2026-08-23,Minnesota United,Orlando City SC,0.5856711885094744,0.20827852366093438,0.20605028782959126
2026-08-23,Minnesota United,Philadelphia Union,0.526074041637402,0.23131247215019157,0.24261348621240647
2026-08-23,Minnesota United,Portland Timbers,0.4575639047871738,0.23631282725683633,0.30612326795598993
2026-08-23,Minnesota United,Real Salt Lake,0.4603524416903619,0.24433460006499882,0.2953129582446392
2026-08-23,Minnesota United,San Diego FC,0.4449454370466533,0.24639601708874154,0.3086585458646051
2026-08-23,Minnesota United,San Jose Earthquakes,0.47351038486196245,0.23561788960470972,0.2908717255333278
2026-08-23,Minnesota United,Seattle Sounders FC,0.4927138669071616,0.26418831306759205,0.24309782002524644
2026-08-23,Minnesota United,Sporting Kansas City,0.6838317486639298,0.18624572376524345,0.12992252757082678
2026-08-23,Minnesota United,St.Louis City,0.4382432234958055,0.2631379519605063,0.29861882454368766
2026-08-23,Minnesota United,Toronto FC,0.5148099878424782,0.2475161206332163,0.23767389152430538
2026-08-23,Minnesota United,Vancouver Whitecaps,0.25896211933083085,0.2533709074035492,0.4876669732656201
2026-08-23,Nashville SC,Atlanta United,0.6815302111218627,0.19325507624575636,0.12521471263238068
2026-08-23,Nashville SC,Austin FC,0.7104913026170826,0.17590637729677505,0.11360232008614236
2026-08-23,Nashville SC,CF Montréal,0.6690938814329545,0.19559834751052324,0.13530777105652242
2026-08-23,Nashville SC,Charlotte FC,0.5990907203831347,0.21553700221005034,0.18537227740681478
2026-08-23,Nashville SC,Chicago Fire,0.5471754749374168,0.24003946699626919,0.21278505806631398
2026-08-23,Nashville SC,Colorado Rapids,0.5633496172147923,0.2407997851734976,0.19585059761171011
2026-08-23,Nashville SC,Columbus Crew,0.6395846889371353,0.2092844644517128,0.15113084661115195
2026-08-23,Nashville SC,DC United,0.6540118913939984,0.2008343760437944,0.1451537325622073
2026-08-23,Nashville SC,FC Cincinnati,0.6492207395265496,0.1806142010434526,0.17016505942999768
2026-08-23,Nashville SC,FC Dallas,0.5470802717937562,0.228160095903422,0.22475963230282164
2026-08-23,Nashville SC,Houston Dynamo,0.5307267117877205,0.25419823953984294,0.2150750486724368
2026-08-23,Nashville SC,Inter Miami CF,0.5964504670404696,0.20054942649503044,0.20300010646450006
2026-08-23,Nashville SC,LA Galaxy,0.6276766766563026,0.21674576607921872,0.15557755726447867
2026-08-23,Nashville SC,Los Angeles FC,0.48268424609056815,0.2669233804727828,0.250392373436649
2026-08-23,Nashville SC,Minnesota United,0.5678969869115079,0.24047250124218592,0.19163051184630608
2026-08-23,Nashville SC,New England Revolution,0.5611965997623408,0.23810371536190683,0.2006996848757524
2026-08-23,Nashville SC,New York City FC,0.577636243152732,0.2299557112694523,0.19240804557781557
2026-08-23,Nashville SC,New York Red Bulls,0.7027373084585139,0.17460464922261296,0.12265804231887296
2026-08-23,Nashville SC,Orlando City SC,0.7104947438042344,0.16739408750471296,0.12211116869105271
2026-08-23,Nashville SC,Philadelphia Union,0.6518185073163122,0.19662805202548697,0.15155344065820106
2026-08-23,Nashville SC,Portland Timbers,0.5897992370967623,0.2120838493869685,0.1981169135162692
2026-08-23,Nashville SC,Real Salt Lake,0.5882704143856954,0.219235256512513,0.19249432910179148
2026-08-23,Nashville SC,San Diego FC,0.5729930470587975,0.22388741755008623,0.20311953539111646
2026-08-23,Nashville SC,San Jose Earthquakes,0.6045984139749494,0.208737534754822,0.1866640512702286
2026-08-23,Nashville SC,Seattle Sounders FC,0.6082745202981844,0.2325636541827992,0.1591618255190164
2026-08-23,Nashville SC,Sporting Kansas City,0.7878617160783756,0.1388607984137266,0.0732774855078978
2026-08-23,Nashville SC,St.Louis City,0.559042947882945,0.2409281441698574,0.20002890794719774
2026-08-23,Nashville SC,Toronto FC,0.6345425615865994,0.21353936838289536,0.15191807003050542
2026-08-23,Nashville SC,Vancouver Whitecaps,0.36807837868447624,0.2699824157423435,0.3619392055731802
2026-08-23,New England Revolution,Atlanta United,0.5854351232136267,0.22263016635038602,0.19193471043598748
2026-08-23,New England Revolution,Austin FC,0.6143919968900228,0.2074912212604485,0.17811678184952842
2026-08-23,New England Revolution,CF Montréal,0.5697182446119851,0.22355026501264844,0.20673149037536684
2026-08-23,New England Revolution,Charlotte FC,0.49086416893402823,0.23449288589339642,0.27464294517257526
2026-08-23,New England Revolution,Chicago Fire,0.44237623153656885,0.25216683768942044,0.30545693077401065
2026-08-23,New England Revolution,Colorado Rapids,0.4617335731001845,0.25593164226586895,0.2823347846339467
2026-08-23,New England Revolution,Columbus Crew,0.5389555512790923,0.234151858212734,0.22689259050817348
2026-08-23,New England Revolution,DC United,0.5526838582773689,0.22711494257970394,0.22020119914292755
2026-08-23,New England Revolution,FC Cincinnati,0.5308946125937513,0.20442624904970422,0.26467913835654466
2026-08-23,New England Revolution,FC Dallas,0.4358292254237746,0.2390935196704713,0.325077254905754
2026-08-23,New England Revolution,Houston Dynamo,0.4304492829717471,0.2646498491794982,0.30490086784875475
2026-08-23,New England Revolution,Inter Miami CF,0.47751702596862783,0.21756704498112933,0.3049159290502428
2026-08-23,New England Revolution,LA Galaxy,0.5280060279826277,0.24043801135138143,0.2315559606659908
2026-08-23,New England Revolution,Los Angeles FC,0.38315769059479665,0.2693828203998618,0.34745948900534135
2026-08-23,New England Revolution,Minnesota United,0.46697208257685763,0.25638134163538506,0.2766465757877575
2026-08-23,New England Revolution,Nashville SC,0.3427790260565172,0.26868686295156585,0.388534110991917
2026-08-23,New England Revolution,New York City FC,0.4730226617141786,0.2465822456215294,0.2803950926642921
2026-08-23,New England Revolution,New York Red Bulls,0.6018956322379907,0.20526663468195652,0.1928377330800529
2026-08-23,New England Revolution,Orlando City SC,0.6073586076413888,0.1984751358465842,0.1941662565120272
2026-08-23,New England Revolution,Philadelphia Union,0.5467990040383703,0.22225262110270294,0.23094837485892666
2026-08-23,New England Revolution,Portland Timbers,0.4771286673162885,0.22910649118127993,0.2937648415024315
2026-08-23,New England Revolution,Real Salt Lake,0.4797366883976498,0.23668947838983095,0.28357383321251894
2026-08-23,New England Revolution,San Diego FC,0.46394456027036624,0.23910885341117705,0.29694658631845683
2026-08-23,New England Revolution,San Jose Earthquakes,0.4934006277718214,0.22797742398810578,0.27862194824007264
2026-08-23,New England Revolution,Seattle Sounders FC,0.5122661511392695,0.25457436581165205,0.23315948304907844
2026-08-23,New England Revolution,Sporting Kansas City,0.705003681649543,0.17439552265728972,0.12060079569316708
2026-08-23,New England Revolution,St.Louis City,0.4567090076447678,0.255300373429634,0.28799061892559796
2026-08-23,New England Revolution,Toronto FC,0.5349940326706173,0.23800561359505532,0.22700035373432734
2026-08-23,New England Revolution,Vancouver Whitecaps,0.27118360463716795,0.24995201958149074,0.47886437578134156
2026-08-23,New York City FC,Atlanta United,0.5787279991114523,0.22166787924432424,0.19960412164422353
2026-08-23,New York City FC,Austin FC,0.607679522940331,0.20692990105292913,0.18539057600674014
2026-08-23,New York City FC,CF Montréal,0.5624829415729977,0.22248993327119207,0.21502712515581035
2026-08-23,New York City FC,Charlotte FC,0.48203442791624435,0.23250090798376385,0.2854646640999919
2026-08-23,New York City FC,Chicago Fire,0.43372892656606504,0.24925889171669283,0.3170121817172421
2026-08-23,New York City FC,Colorado Rapids,0.4536785120756596,0.2532683683405659,0.29305311958377456
2026-08-23,New York City FC,Columbus Crew,0.5314509401373039,0.2326848031139536,0.23586425674874265
2026-08-23,New York City FC,DC United,0.5451146940126468,0.2258755430337218,0.22900976295363148
2026-08-23,New York City FC,FC Cincinnati,0.5207928446390013,0.2033191804868546,0.27588797487414424
2026-08-23,New York City FC,FC Dallas,0.42624259477092863,0.23622890627901996,0.3375284989500514
2026-08-23,New York City FC,Houston Dynamo,0.4223535555116596,0.26140526686502735,0.3162411776233129
2026-08-23,New York City FC,Inter Miami CF,0.4671316132189427,0.21559754174092122,0.3172708450401359
2026-08-23,New York City FC,LA Galaxy,0.5206056041572836,0.23877327617700894,0.24062111966570732
2026-08-23,New York City FC,Los Angeles FC,0.37475518442658556,0.2652459468414116,0.35999886873200276
2026-08-23,New York City FC,Minnesota United,0.45905320306718217,0.2537855948144905,0.28716120211832735
2026-08-23,New York City FC,Nashville SC,0.33413748222127976,0.2637309408402761,0.40213157693844404
2026-08-23,New York City FC,New England Revolution,0.4494411778312509,0.24991386417290035,0.3006449579958489
2026-08-23,New York City FC,New York Red Bulls,0.594454514516203,0.204713813831118,0.2008316716526789
2026-08-23,New York City FC,Orlando City SC,0.5995607129622976,0.19807793952750619,0.20236134751019616
2026-08-23,New York City FC,Philadelphia Union,0.5386611540886974,0.2210453916487271,0.24029345426257562
2026-08-23,New York City FC,Portland Timbers,0.4676007114168902,0.22699594116761732,0.30540334741549274
2026-08-23,New York City FC,Real Salt Lake,0.47080306384925047,0.23452115911185967,0.2946757770388897
2026-08-23,New York City FC,San Diego FC,0.4548453112911314,0.23668604018722025,0.30846864852164835
2026-08-23,New York City FC,San Jose Earthquakes,0.484162240434211,0.22610320717461121,0.28973455239117757
2026-08-23,New York City FC,Seattle Sounders FC,0.5053515145674619,0.25254101157672265,0.24210747385581552
2026-08-23,New York City FC,Sporting Kansas City,0.7000302688673731,0.17442036626087942,0.12554936487174734
2026-08-23,New York City FC,St.Louis City,0.4485153390240407,0.2525725918157288,0.29891206916023055
2026-08-23,New York City FC,Toronto FC,0.5276389342895939,0.23644205366122534,0.23591901204918114
2026-08-23,New York City FC,Vancouver Whitecaps,0.2620288897801937,0.24351765812216997,0.49445345209763625
2026-08-23,New York Red Bulls,Atlanta United,0.4800325214012279,0.23177409292988696,0.28819338566888525
2026-08-23,New York Red Bulls,Austin FC,0.5070664765592212,0.22057648135430763,0.27235704208647127
2026-08-23,New York Red Bulls,CF Montréal,0.46065570589579324,0.2301206645523832,0.30922362955182336
2026-08-23,New York Red Bulls,Charlotte FC,0.3745287067265964,0.2269919533991965,0.39847933987420714
2026-08-23,New York Red Bulls,Chicago Fire,0.3324018980395332,0.23597061697999303,0.4316274849804738
2026-08-23,New York Red Bulls,Colorado Rapids,0.3547303097209514,0.2438934932612477,0.4013761970178009
2026-08-23,New York Red Bulls,Columbus Crew,0.4298691580352422,0.2358171707692164,0.3343136711955413
2026-08-23,New York Red Bulls,DC United,0.44193230508167675,0.2308861470809332,0.32718154783739
2026-08-23,New York Red Bulls,FC Cincinnati,0.39929028523931365,0.20263322579735332,0.39807648896333286
2026-08-23,New York Red Bulls,FC Dallas,0.3188117726030826,0.2207766800860625,0.460411547310855
2026-08-23,New York Red Bulls,Houston Dynamo,0.326162231923196,0.24669449180685957,0.4271432762699444
2026-08-23,New York Red Bulls,Inter Miami CF,0.3491310207994576,0.20622609897164032,0.44464288022890186
2026-08-23,New York Red Bulls,LA Galaxy,0.4207121784204962,0.24042435218688868,0.33886346939261536
2026-08-23,New York Red Bulls,Los Angeles FC,0.28137815805975336,0.2417813637701411,0.4768404781701056
2026-08-23,New York Red Bulls,Minnesota United,0.36060276852036255,0.24542467687341427,0.3939725546062232
2026-08-23,New York Red Bulls,Nashville SC,0.24373300632682116,0.2325738552810952,0.5236931383920839
2026-08-23,New York Red Bulls,New England Revolution,0.34879019564393693,0.23956288417142602,0.41164692018463706
2026-08-23,New York Red Bulls,New York City FC,0.3619457680234832,0.23627278460097667,0.4017814473755401
2026-08-23,New York Red Bulls,Orlando City SC,0.49031321472372036,0.2100936884357546,0.29959309684052504
2026-08-23,New York Red Bulls,Philadelphia Union,0.4314451995598365,0.2246901614011212,0.34386463903904213
2026-08-23,New York Red Bulls,Portland Timbers,0.3561804061722637,0.21851210396258286,0.42530748986515354
2026-08-23,New York Red Bulls,Real Salt Lake,0.36360593918134393,0.22711565037251225,0.409278410446144
2026-08-23,New York Red Bulls,San Diego FC,0.3480058490312957,0.22651395159443252,0.4254801993742718
2026-08-23,New York Red Bulls,San Jose Earthquakes,0.37328480861142876,0.22055230171675194,0.40616288967181924
2026-08-23,New York Red Bulls,Seattle Sounders FC,0.4103988870562648,0.2523589835216578,0.3372421294220774
2026-08-23,New York Red Bulls,Sporting Kansas City,0.6101888714658332,0.19775712452061692,0.19205400401355
2026-08-23,New York Red Bulls,St.Louis City,0.3490427434913161,0.2422085133208949,0.40874874318778903
2026-08-23,New York Red Bulls,Toronto FC,0.4275336284872295,0.23914994839302087,0.33331642311974974
2026-08-23,New York Red Bulls,Vancouver Whitecaps,0.17738198003839575,0.19902734328625504,0.6235906766753494
2026-08-23,Orlando City SC,Atlanta United,0.4909239701171166,0.22366884688413444,0.285407182998749
2026-08-23,Orlando City SC,Austin FC,0.5185515882939244,0.2125747519838896,0.26887365972218585
2026-08-23,Orlando City SC,CF Montréal,0.47088491006279715,0.2223916775532468,0.3067234123839559
2026-08-23,Orlando City SC,Charlotte FC,0.3818509344336774,0.22023960633642298,0.39790945922989956
2026-08-23,Orlando City SC,Chicago Fire,0.33847270161102994,0.22900373317857012,0.4325235652103999
2026-08-23,Orlando City SC,Colorado Rapids,0.36170258180546566,0.23654017342725922,0.40175724476727503
2026-08-23,Orlando City SC,Columbus Crew,0.439207444543093,0.2282180937560743,0.33257446170083266
2026-08-23,Orlando City SC,DC United,0.45156652840067196,0.22336893121427928,0.32506454038504884
2026-08-23,Orlando City SC,FC Cincinnati,0.40708294780480836,0.19670813483210023,0.3962089173630916
2026-08-23,Orlando City SC,FC Dallas,0.32417892109691193,0.21441422877421024,0.46140685012887767
2026-08-23,Orlando City SC,Houston Dynamo,0.33223018540665067,0.23930338860542585,0.42846642598792356
2026-08-23,Orlando City SC,Inter Miami CF,0.35531029118421154,0.20038796401831865,0.44430174479747
2026-08-23,Orlando City SC,LA Galaxy,0.4298431001286477,0.23271862182085318,0.33743827805049925
2026-08-23,Orlando City SC,Los Angeles FC,0.28588572783331717,0.23451392155284226,0.4796003506138406
2026-08-23,Orlando City SC,Minnesota United,0.3678048904503902,0.2379805801848578,0.39421452936475204
2026-08-23,Orlando City SC,Nashville SC,0.2469107468413839,0.22540100493070236,0.5276882482279138
2026-08-23,Orlando City SC,New England Revolution,0.35547705586633827,0.23241071535358843,0.41211222878007336
2026-08-23,Orlando City SC,New York City FC,0.3690126830793015,0.2292029790409953,0.4017843378797032
2026-08-23,Orlando City SC,New York Red Bulls,0.49943780655150966,0.2088431658096157,0.2917190276388746
2026-08-23,Orlando City SC,Philadelphia Union,0.440614752881128,0.21757275543187476,0.34181249168699707
2026-08-23,Orlando City SC,Portland Timbers,0.36275508150011243,0.21217992546474865,0.42506499303513884
2026-08-23,Orlando City SC,Real Salt Lake,0.37056472679292846,0.22041216967061064,0.4090231035364611
2026-08-23,Orlando City SC,San Diego FC,0.35443293329960657,0.21989091088453566,0.4256761558158578
2026-08-23,Orlando City SC,San Jose Earthquakes,0.3804604120813573,0.21406720700658532,0.40547238091205745
2026-08-23,Orlando City SC,Seattle Sounders FC,0.419451718207026,0.24422106751367592,0.3363272142792982
2026-08-23,Orlando City SC,Sporting Kansas City,0.6239815781303938,0.1887647943707791,0.18725362749882693
2026-08-23,Orlando City SC,St.Louis City,0.3557895745789566,0.23494687833416125,0.4092635470868822
2026-08-23,Orlando City SC,Toronto FC,0.4368655872175547,0.23142555672651396,0.33170885605593126
2026-08-23,Orlando City SC,Vancouver Whitecaps,0.17823941182224667,0.192195546113354,0.6295650420643997
2026-08-23,Philadelphia Union,Atlanta United,0.5293543748456039,0.22536967596194413,0.24527594919245194
2026-08-23,Philadelphia Union,Austin FC,0.5576700229466796,0.21257749092121717,0.22975248613210347
2026-08-23,Philadelphia Union,CF Montréal,0.5110151427290611,0.2251055679423161,0.26387928932862265
2026-08-23,Philadelphia Union,Charlotte FC,0.42561244164648887,0.22861843675585558,0.34576912159765566
2026-08-23,Philadelphia Union,Chicago Fire,0.37990779836567207,0.24092200523121163,0.3791701964031162
2026-08-23,Philadelphia Union,Colorado Rapids,0.40175689617666144,0.24685086407205215,0.3513922397512863
2026-08-23,Philadelphia Union,Columbus Crew,0.47955666027892774,0.23295715481546247,0.28748618490560995
2026-08-23,Philadelphia Union,DC United,0.4925404764035141,0.22721769981559042,0.2802418237808954
2026-08-23,Philadelphia Union,FC Cincinnati,0.4570045932529498,0.20268366884344313,0.34031173790360697
2026-08-23,Philadelphia Union,FC Dallas,0.36852939578501326,0.22708969936691645,0.4043809048480701
2026-08-23,Philadelphia Union,Houston Dynamo,0.3713927819246895,0.2520016179859276,0.376605600089383
2026-08-23,Philadelphia Union,Inter Miami CF,0.40409373805381305,0.2102306876688713,0.3856755742773158
2026-08-23,Philadelphia Union,LA Galaxy,0.46949920280160506,0.23817274950076672,0.29232804769762827
2026-08-23,Philadelphia Union,Los Angeles FC,0.3243577958259502,0.25100515051038796,0.4246370536636618
2026-08-23,Philadelphia Union,Minnesota United,0.407550405530019,0.24786966883860015,0.34457992563138096
2026-08-23,Philadelphia Union,Nashville SC,0.28450435224215764,0.2451562330114128,0.47033941474642954
2026-08-23,Philadelphia Union,New England Revolution,0.3963953932314045,0.24308707807637683,0.36051752869221854
2026-08-23,Philadelphia Union,New York City FC,0.410692899489134,0.23876656907718957,0.35054053143367614
2026-08-23,Philadelphia Union,New York Red Bulls,0.5412312853986557,0.20961825959891925,0.24915045500242514
2026-08-23,Philadelphia Union,Orlando City SC,0.5444867235805678,0.20337876412373807,0.25213451229569417
2026-08-23,Philadelphia Union,Portland Timbers,0.4085067974312615,0.22176357058518065,0.36972963198355785
2026-08-23,Philadelphia Union,Real Salt Lake,0.4143099900150165,0.22962592679971353,0.35606408318526983
2026-08-23,Philadelphia Union,San Diego FC,0.39819394126729374,0.23031371094729428,0.371492347785412
2026-08-23,Philadelphia Union,San Jose Earthquakes,0.4257822749947972,0.22238416760305782,0.3518335574021449
2026-08-23,Philadelphia Union,Seattle Sounders FC,0.45688597822055155,0.25067022626811547,0.29244379551133287
2026-08-23,Philadelphia Union,Sporting Kansas City,0.6572976522540032,0.18446655694601405,0.1582357907999828
2026-08-23,Philadelphia Union,St.Louis City,0.3961610645174821,0.24566707055916337,0.35817186492335445
2026-08-23,Philadelphia Union,Toronto FC,0.47654111538601135,0.2364032071208576,0.287055677493131
2026-08-23,Philadelphia Union,Vancouver Whitecaps,0.2138557317250579,0.21724456747078125,0.5688997008041607
2026-08-23,Portland Timbers,Atlanta United,0.6148809000137413,0.19756436390872595,0.1875547360775325
2026-08-23,Portland Timbers,Austin FC,0.6446752724287732,0.1831183211655142,0.17220640640571247
2026-08-23,Portland Timbers,CF Montréal,0.5976377067417636,0.19933886228150266,0.2030234309767338
2026-08-23,Portland Timbers,Charlotte FC,0.5119378963651812,0.21234410161232223,0.2757180020224969
2026-08-23,Portland Timbers,Chicago Fire,0.4605075197226242,0.2290745325952921,0.3104179476820835
2026-08-23,Portland Timbers,Colorado Rapids,0.4823294114912885,0.23181870081355566,0.28585188769515607
2026-08-23,Portland Timbers,Columbus Crew,0.5650416293839456,0.20996976137214898,0.22498860924390537
2026-08-23,Portland Timbers,DC United,0.5792922396062746,0.20330842783588116,0.21739933255784413
2026-08-23,Portland Timbers,FC Cincinnati,0.5524138758599708,0.18496705409078787,0.2626190700492412
2026-08-23,Portland Timbers,FC Dallas,0.45182337386072713,0.21776838800773057,0.3304082381315423
2026-08-23,Portland Timbers,Houston Dynamo,0.44878400384651673,0.2402270400406913,0.310988956112792
2026-08-23,Portland Timbers,Inter Miami CF,0.49527091420199737,0.19801531237620906,0.30671377342179335
2026-08-23,Portland Timbers,LA Galaxy,0.5537466794703612,0.21584318286391432,0.23041013766572446
2026-08-23,Portland Timbers,Los Angeles FC,0.39721892960848093,0.24506401181460122,0.35771705857691805
2026-08-23,Portland Timbers,Minnesota United,0.4881783083485118,0.23203804901114153,0.2797836426403469
2026-08-23,Portland Timbers,Nashville SC,0.352929640501867,0.244426964707598,0.402643394790535
2026-08-23,Portland Timbers,New England Revolution,0.47756461416835555,0.22904584756561178,0.29338953826603276
2026-08-23,Portland Timbers,New York City FC,0.49368658942917737,0.22337899742366843,0.2829344131471543
2026-08-23,Portland Timbers,New York Red Bulls,0.6306038363542646,0.18215268704197607,0.1872434766037592
2026-08-23,Portland Timbers,Orlando City SC,0.6356677761265382,0.17618930404249075,0.1881429198309709
2026-08-23,Portland Timbers,Philadelphia Union,0.572154520354565,0.1995213231858656,0.22832415645956938
2026-08-23,Portland Timbers,Real Salt Lake,0.499921015872136,0.21460794119525062,0.2854710429326136
2026-08-23,Portland Timbers,San Diego FC,0.4827867509446208,0.21716470310009772,0.30004854595528163
2026-08-23,Portland Timbers,San Jose Earthquakes,0.5139579094013265,0.20662787039641964,0.2794142202022538
2026-08-23,Portland Timbers,Seattle Sounders FC,0.5381517457554301,0.22859478837059471,0.23325346587397525
2026-08-23,Portland Timbers,Sporting Kansas City,0.7388912793243609,0.14904042233416784,0.11206829834147139
2026-08-23,Portland Timbers,St.Louis City,0.47669921949853805,0.2314239751966437,0.29187680530481813
2026-08-23,Portland Timbers,Toronto FC,0.561165256782345,0.21342669836613903,0.2254080448515161
2026-08-23,Portland Timbers,Vancouver Whitecaps,0.2737222527827184,0.22616165065911006,0.5001160965581715
2026-08-23,Real Salt Lake,Atlanta United,0.5930092042326295,0.21032612191526417,0.1966646738521064
2026-08-23,Real Salt Lake,Austin FC,0.6223730974946352,0.19584092687735244,0.18178597562801238
2026-08-23,Real Salt Lake,CF Montréal,0.5761263648605955,0.21156078805894812,0.2123128470804563
2026-08-23,Real Salt Lake,Charlotte FC,0.49274395391194536,0.22266091943033905,0.28459512665771564
2026-08-23,Real Salt Lake,Chicago Fire,0.4430796891907003,0.23911028449549146,0.31781002631380817
2026-08-23,Real Salt Lake,Colorado Rapids,0.4640657468528736,0.242616957656521,0.29331729549060526
2026-08-23,Real Salt Lake,Columbus Crew,0.5442764292198745,0.22183172160091014,0.23389184917921554
2026-08-23,Real Salt Lake,DC United,0.5581941789580195,0.21516178998520272,0.22664403105677797
2026-08-23,Real Salt Lake,FC Cincinnati,0.5318920436634575,0.19459299781688177,0.2735149585196606
2026-08-23,Real Salt Lake,FC Dallas,0.43475215270636003,0.22688760783066206,0.33836023946297794
2026-08-23,Real Salt Lake,Houston Dynamo,0.431724393183187,0.25069120436807285,0.31758440244874026
2026-08-23,Real Salt Lake,Inter Miami CF,0.47654399975047684,0.2069504881947137,0.31650551205480965
2026-08-23,Real Salt Lake,LA Galaxy,0.5332549690982755,0.2277588805347768,0.2389861503669477
2026-08-23,Real Salt Lake,Los Angeles FC,0.3822470309557195,0.25470199975364466,0.36305096929063563
2026-08-23,Real Salt Lake,Minnesota United,0.4696990937979564,0.24301897043387902,0.28728193576816463
2026-08-23,Real Salt Lake,Nashville SC,0.3399139111076112,0.25332840309392635,0.4067576857984624
2026-08-23,Real Salt Lake,New England Revolution,0.4594977829728908,0.23952497371949522,0.30097724330761394
2026-08-23,Real Salt Lake,New York City FC,0.4750747769840807,0.23392449528174647,0.291000727734173
2026-08-23,Real Salt Lake,New York Red Bulls,0.6085145956047818,0.19421062158151392,0.19727478281370422
2026-08-23,Real Salt Lake,Orlando City SC,0.6134942267265496,0.18793320301886257,0.19857257025458788
2026-08-23,Real Salt Lake,Philadelphia Union,0.5512434109894371,0.2108240889733601,0.23793250003720273
2026-08-23,Real Salt Lake,Portland Timbers,0.4774755881181332,0.21769891499031968,0.3048254968915473
2026-08-23,Real Salt Lake,San Diego FC,0.46457696270282545,0.22699961538506305,0.30842342191211164
2026-08-23,Real Salt Lake,San Jose Earthquakes,0.4946926992866578,0.21661514379279959,0.2886921569205427
2026-08-23,Real Salt Lake,Seattle Sounders FC,0.5179959494296145,0.24094225057692945,0.24106179999345598
2026-08-23,Real Salt Lake,Sporting Kansas City,0.7162810054546584,0.16272585869155243,0.12099313585378903
2026-08-23,Real Salt Lake,St.Louis City,0.45864663884124507,0.24203879780181084,0.2993145633569439
2026-08-23,Real Salt Lake,Toronto FC,0.5404812528716926,0.22542004651485836,0.23409870061344895
2026-08-23,Real Salt Lake,Vancouver Whitecaps,0.2644889815303335,0.2335490168131204,0.5019620016565457
2026-08-23,San Diego FC,Atlanta United,0.608225866306321,0.2058605987114672,0.18591353498221166
2026-08-23,San Diego FC,Austin FC,0.6377199635228502,0.19103358302375323,0.17124645345339665
2026-08-23,San Diego FC,CF Montréal,0.5917295598451818,0.2074002179186862,0.200870222236132
2026-08-23,San Diego FC,Charlotte FC,0.5090865590122993,0.22013050034883758,0.2707829406388631
2026-08-23,San Diego FC,Chicago Fire,0.45861868858602345,0.23754711812053944,0.3038341932934373
2026-08-23,San Diego FC,Colorado Rapids,0.47933694757533063,0.24050883411189372,0.2801542183127757
2026-08-23,San Diego FC,Columbus Crew,0.5598910890948996,0.2181854519094847,0.22192345899561589
2026-08-23,San Diego FC,DC United,0.5739806031248686,0.21131216482476636,0.214707232050365
2026-08-23,San Diego FC,FC Cincinnati,0.5499237656211731,0.1915330667198878,0.25854316765893903
2026-08-23,San Diego FC,FC Dallas,0.45106566484289073,0.2256688600115143,0.32326547514559506
2026-08-23,San Diego FC,Houston Dynamo,0.4466011452384208,0.2492645946469644,0.3041342601146147
2026-08-23,San Diego FC,Inter Miami CF,0.49422448439207906,0.2049748659637217,0.30080064964419945
2026-08-23,San Diego FC,LA Galaxy,0.5486785469397527,0.22427109767588907,0.2270503553843581
2026-08-23,San Diego FC,Los Angeles FC,0.39665071533132856,0.2544613761352,0.34888790853347157
2026-08-23,San Diego FC,Minnesota United,0.48491675503155396,0.24077262089905166,0.2743106240693943
2026-08-23,San Diego FC,Nashville SC,0.3538120809095867,0.2541766620201127,0.39201125707030066
2026-08-23,San Diego FC,New England Revolution,0.47497299388060044,0.2375633327927843,0.2874636733266153
2026-08-23,San Diego FC,New York City FC,0.49081361454618716,0.23166423575749345,0.2775221496963194
2026-08-23,San Diego FC,New York Red Bulls,0.6244912457010787,0.18966078673283043,0.18584796756609095
2026-08-23,San Diego FC,Orlando City SC,0.6298361957696208,0.18337010126653694,0.18679370296384223
2026-08-23,San Diego FC,Philadelphia Union,0.5675106494334398,0.20716919824045962,0.2253201523261005
2026-08-23,San Diego FC,Portland Timbers,0.49431075997327756,0.21557726898175603,0.2901119710449664
2026-08-23,San Diego FC,Real Salt Lake,0.49742532600095146,0.2224472422979462,0.28012743170110227
2026-08-23,San Diego FC,San Jose Earthquakes,0.5114534540126836,0.2141128691979179,0.27443367678939845
2026-08-23,San Diego FC,Seattle Sounders FC,0.5328435160790937,0.23761729735453338,0.22953918656637276
2026-08-23,San Diego FC,Sporting Kansas City,0.7299786555537102,0.15703706177302149,0.11298428267326839
2026-08-23,San Diego FC,St.Louis City,0.47397515007257995,0.240066659370136,0.2859581905572841
2026-08-23,San Diego FC,Toronto FC,0.5559265741745621,0.22180834290397855,0.22226508292145936
2026-08-23,San Diego FC,Vancouver Whitecaps,0.27741147287716095,0.23645925186654132,0.4861292752562978
2026-08-23,San Jose Earthquakes,Atlanta United,0.5956530533429355,0.2042438812565855,0.2001030654004791
2026-08-23,San Jose Earthquakes,Austin FC,0.625257561033721,0.19012763059976334,0.18461480836651564
2026-08-23,San Jose Earthquakes,CF Montréal,0.5780768002339863,0.20561493160436597,0.21630826816164767
2026-08-23,San Jose Earthquakes,Charlotte FC,0.49203984192989003,0.21663483451151097,0.29132532355859897
2026-08-23,San Jose Earthquakes,Chicago Fire,0.44174418856507025,0.23234849068385546,0.32590732075107437
2026-08-23,San Jose Earthquakes,Colorado Rapids,0.46367375861650284,0.23578182269762676,0.3005444186858704
2026-08-23,San Jose Earthquakes,Columbus Crew,0.545592161097901,0.2156669532382174,0.23874088566388182
2026-08-23,San Jose Earthquakes,DC United,0.5596144405596458,0.209206133229517,0.23117942621083712
2026-08-23,San Jose Earthquakes,FC Cincinnati,0.5305851574543341,0.1896492918585654,0.27976555068710063
2026-08-23,San Jose Earthquakes,FC Dallas,0.43236040926635516,0.2205217324900062,0.3471178582436385
2026-08-23,San Jose Earthquakes,Houston Dynamo,0.43074983359175567,0.24344804788317473,0.3258021185250697
2026-08-23,San Jose Earthquakes,Inter Miami CF,0.4741281300503542,0.20148392331311477,0.3243879466365311
2026-08-23,San Jose Earthquakes,LA Galaxy,0.5345356209802867,0.22139293946375355,0.24407143955595956
2026-08-23,San Jose Earthquakes,Los Angeles FC,0.380063655082732,0.24694852582291696,0.37298781909435097
2026-08-23,San Jose Earthquakes,Minnesota United,0.4695357261501643,0.23617381128717022,0.2942904625626653
2026-08-23,San Jose Earthquakes,Nashville SC,0.3366709298910913,0.24509296173023495,0.4182361083786739
2026-08-23,San Jose Earthquakes,New England Revolution,0.4587427707948366,0.23280178496116657,0.30845544424399685
2026-08-23,San Jose Earthquakes,New York City FC,0.4744994575538198,0.2274449115213143,0.29805563092486603
2026-08-23,San Jose Earthquakes,New York Red Bulls,0.6105800975222704,0.1887831678426353,0.20063673463509452
2026-08-23,San Jose Earthquakes,Orlando City SC,0.6152640149666397,0.1827733197788532,0.20196266525450693
2026-08-23,San Jose Earthquakes,Philadelphia Union,0.5520254384400392,0.20512072470492454,0.2428538368550363
2026-08-23,San Jose Earthquakes,Portland Timbers,0.47586565975679346,0.21184506361352057,0.31228927662968614
2026-08-23,San Jose Earthquakes,Real Salt Lake,0.48013535928839546,0.21862224888456674,0.30124239182703777
2026-08-23,San Jose Earthquakes,San Diego FC,0.4631624071407191,0.2207654440762751,0.31607214878300566
2026-08-23,San Jose Earthquakes,Seattle Sounders FC,0.5195756654224575,0.234064406040639,0.24635992853690347
2026-08-23,San Jose Earthquakes,Sporting Kansas City,0.7211769303449846,0.15707598385566998,0.12174708579934547
2026-08-23,San Jose Earthquakes,St.Louis City,0.45802619950969303,0.23521649849844564,0.3067573019918616
2026-08-23,San Jose Earthquakes,Toronto FC,0.5418994099049035,0.21911441359450348,0.23898617650059306
2026-08-23,San Jose Earthquakes,Vancouver Whitecaps,0.25922830298944144,0.22451878721637306,0.5162529097941856
2026-08-23,Seattle Sounders FC,Atlanta United,0.5018281190959955,0.2560205634582287,0.24215131744577564
2026-08-23,Seattle Sounders FC,Austin FC,0.5288021622767304,0.24220376531909527,0.2289940724041741
2026-08-23,Seattle Sounders FC,CF Montréal,0.4858866236418125,0.254764308992818,0.2593490673653694
2026-08-23,Seattle Sounders FC,Charlotte FC,0.41007084545263844,0.2565098081126034,0.3334193464347583
2026-08-23,Seattle Sounders FC,Chicago Fire,0.367486323524209,0.2706547847990524,0.3618588916767386
2026-08-23,Seattle Sounders FC,Colorado Rapids,0.38612162992291077,0.27756842950539484,0.33630994057169455
2026-08-23,Seattle Sounders FC,Columbus Crew,0.4570109428570944,0.26284300342058536,0.28014605372232015
2026-08-23,Seattle Sounders FC,DC United,0.46935840573293,0.2565002541903567,0.2741413400767132
2026-08-23,Seattle Sounders FC,FC Cincinnati,0.44191961475502467,0.22672225049939382,0.3313581347455814
2026-08-23,Seattle Sounders FC,FC Dallas,0.3592176905391589,0.25473640776863105,0.3860459016922097
2026-08-23,Seattle Sounders FC,Houston Dynamo,0.3582787788853421,0.28354055513873766,0.3581806659759204
2026-08-23,Seattle Sounders FC,Inter Miami CF,0.39356314580689533,0.2350789025566805,0.3713579516364242
2026-08-23,Seattle Sounders FC,LA Galaxy,0.4473220005645248,0.26868731333716933,0.283990686098306
2026-08-23,Seattle Sounders FC,Los Angeles FC,0.3160265184523156,0.2831171416607042,0.40085633988698016
2026-08-23,Seattle Sounders FC,Minnesota United,0.3911178089211728,0.2788002090465872,0.33008198203224
2026-08-23,Seattle Sounders FC,Nashville SC,0.28035508679706866,0.27778471773930596,0.44186019546362537
2026-08-23,Seattle Sounders FC,New England Revolution,0.38190450565182255,0.2731609111597472,0.3449345831884303
2026-08-23,Seattle Sounders FC,New York City FC,0.3952770206290234,0.26820644339662475,0.33651653597435177
2026-08-23,Seattle Sounders FC,New York Red Bulls,0.5150189530498955,0.23766329926311666,0.24731774768698805
2026-08-23,Seattle Sounders FC,Orlando City SC,0.5189806758125242,0.23032669772519482,0.250692626462281
2026-08-23,Seattle Sounders FC,Philadelphia Union,0.4623996910385746,0.2498897804903826,0.2877105284710427
2026-08-23,Seattle Sounders FC,Portland Timbers,0.3958473602624598,0.2484185516627068,0.3557340880748332
2026-08-23,Seattle Sounders FC,Real Salt Lake,0.3998635265592345,0.25758212829413873,0.34255434514662664
2026-08-23,Seattle Sounders FC,San Diego FC,0.3853817035323797,0.25831828458111594,0.3563000118865043
2026-08-23,Seattle Sounders FC,San Jose Earthquakes,0.41116259173616654,0.24924600539751451,0.33959140286631895
2026-08-23,Seattle Sounders FC,Sporting Kansas City,0.6207360328611905,0.2156549544495147,0.16360901268929487
2026-08-23,Seattle Sounders FC,St.Louis City,0.38131563685712244,0.2761624464558316,0.3425219166870461
2026-08-23,Seattle Sounders FC,Toronto FC,0.4537922981599802,0.2668279020361497,0.27937979980386995
2026-08-23,Seattle Sounders FC,Vancouver Whitecaps,0.21750740973697166,0.2501141857653241,0.5323784044977043
2026-08-23,Sporting Kansas City,Atlanta United,0.35120659956650735,0.24952616961188226,0.3992672308216105
2026-08-23,Sporting Kansas City,Austin FC,0.37252076821512453,0.24169599288007446,0.38578323890480093
2026-08-23,Sporting Kansas City,CF Montréal,0.33235174816208135,0.24334091773157532,0.42430733410634336
2026-08-23,Sporting Kansas City,Charlotte FC,0.25640630385059276,0.22275187850360112,0.5208418176458062
2026-08-23,Sporting Kansas City,Chicago Fire,0.22593942061468333,0.22605803419448484,0.548002545190832
2026-08-23,Sporting Kansas City,Colorado Rapids,0.24592651535442378,0.2391377375728131,0.5149357470727632
2026-08-23,Sporting Kansas City,Columbus Crew,0.30669433870569723,0.24385989601830182,0.44944576527600055
2026-08-23,Sporting Kansas City,DC United,0.3155787963020505,0.24036691440304486,0.44405428929490487
2026-08-23,Sporting Kansas City,FC Cincinnati,0.26628597664776543,0.19825933937735643,0.5354546839748784
2026-08-23,Sporting Kansas City,FC Dallas,0.21085645107909448,0.206300183664748,0.5828433652561574
2026-08-23,Sporting Kansas City,Houston Dynamo,0.2240867781302828,0.2374901142040515,0.5384231076656658
2026-08-23,Sporting Kansas City,Inter Miami CF,0.228290416480769,0.19408086746757452,0.5776287160516566
2026-08-23,Sporting Kansas City,LA Galaxy,0.3002736767404155,0.2475534003463899,0.45217292291319444
2026-08-23,Sporting Kansas City,Los Angeles FC,0.18900284111097687,0.2248818779020147,0.5861152809870085
2026-08-23,Sporting Kansas City,Minnesota United,0.2511270769976576,0.24199005651641622,0.5068828664859262
2026-08-23,Sporting Kansas City,Nashville SC,0.16003758283138272,0.2095159710148124,0.6304464461538047
2026-08-23,Sporting Kansas City,New England Revolution,0.23988400751400074,0.2330173857827264,0.5270986067032726
2026-08-23,Sporting Kansas City,New York City FC,0.24939641523924094,0.23145949053762752,0.5191440942231315
2026-08-23,Sporting Kansas City,New York Red Bulls,0.35252578426722747,0.2324262339623798,0.4150479817703926
2026-08-23,Sporting Kansas City,Orlando City SC,0.35104008446923685,0.2251363718029219,0.42382354372784126
2026-08-23,Sporting Kansas City,Philadelphia Union,0.30371070763877495,0.23075894373059033,0.4655303486306345
2026-08-23,Sporting Kansas City,Portland Timbers,0.23861540558190775,0.20960458783945943,0.5517800065786327
2026-08-23,Sporting Kansas City,Real Salt Lake,0.24763951294830377,0.22097506056340846,0.5313854264882876
2026-08-23,Sporting Kansas City,San Diego FC,0.2350839564651936,0.2176120239730097,0.5473040195617968
2026-08-23,Sporting Kansas City,San Jose Earthquakes,0.2529837110233549,0.21492655883339007,0.532089730143255
2026-08-23,Sporting Kansas City,Seattle Sounders FC,0.2951574109909291,0.2597970061776339,0.44504558283143697
2026-08-23,Sporting Kansas City,St.Louis City,0.2408723666661381,0.23616021331677275,0.5229674200170892
2026-08-23,Sporting Kansas City,Toronto FC,0.30583926762925057,0.24740273795369708,0.4467579944170523
2026-08-23,Sporting Kansas City,Vancouver Whitecaps,0.10973889312133787,0.16658418185544968,0.7236769250232126
2026-08-23,St.Louis City,Atlanta United,0.5807948434295743,0.22605923010338932,0.19314592646703616
2026-08-23,St.Louis City,Austin FC,0.6096394157384972,0.21086045692705796,0.17950012733444487
2026-08-23,St.Louis City,CF Montréal,0.5652315315492517,0.22685031156256613,0.20791815688818216
2026-08-23,St.Louis City,Charlotte FC,0.4871178169882078,0.23741801561744827,0.2754641673943439
2026-08-23,St.Louis City,Chicago Fire,0.4390171873936766,0.2551399777810131,0.3058428348253105
2026-08-23,St.Louis City,Colorado Rapids,0.4581127438854325,0.2590715026436686,0.2828157534708989
2026-08-23,St.Louis City,Columbus Crew,0.5346825532301657,0.2374109347807391,0.22790651198909503
2026-08-23,St.Louis City,DC United,0.5483381789598015,0.2303418536248579,0.22131996741534074
2026-08-23,St.Louis City,FC Cincinnati,0.5269788969098542,0.20705185541004423,0.26596924768010155
2026-08-23,St.Louis City,FC Dallas,0.4326604920236142,0.24181983941828214,0.3255196685581038
2026-08-23,St.Louis City,Houston Dynamo,0.42711088387614393,0.267778044909535,0.3051110712143213
2026-08-23,St.Louis City,Inter Miami CF,0.47405645251716855,0.2201254639947341,0.3058180834880974
2026-08-23,St.Louis City,LA Galaxy,0.5237861033384836,0.24373701680061968,0.2324768798608969
2026-08-23,St.Louis City,Los Angeles FC,0.380333285824318,0.27240867637469274,0.3472580378009893
2026-08-23,St.Louis City,Minnesota United,0.4632854007235679,0.25955978415169806,0.2771548151247339
2026-08-23,St.Louis City,Nashville SC,0.3404293645016905,0.27162007966144047,0.3879505558368691
2026-08-23,St.Louis City,New England Revolution,0.45424076132893304,0.2556513078398059,0.290107930831261
2026-08-23,St.Louis City,New York City FC,0.46936316679020024,0.2496199456851715,0.28101688752462844
2026-08-23,St.Louis City,New York Red Bulls,0.5972867751834836,0.2084587829202577,0.19425444189625862
2026-08-23,St.Louis City,Orlando City SC,0.6027694916201141,0.20156492667566625,0.19566558170421974
2026-08-23,St.Louis City,Philadelphia Union,0.5425657836924354,0.22533108357042753,0.23210313273713723
2026-08-23,St.Louis City,Portland Timbers,0.4735814452039091,0.23185856234652993,0.29455999244956094
2026-08-23,St.Louis City,Real Salt Lake,0.4760941675589747,0.239588867910785,0.28431696453024013
2026-08-23,St.Louis City,San Diego FC,0.4604577108705154,0.24196512317492805,0.29757716595455647
2026-08-23,St.Louis City,San Jose Earthquakes,0.48968488741052274,0.23080013422728468,0.2795149783621927
2026-08-23,St.Louis City,Seattle Sounders FC,0.5080686276709713,0.25803270576967535,0.23389866655935349
2026-08-23,St.Louis City,Sporting Kansas City,0.6998968478489865,0.17797207483495733,0.12213107731605607
2026-08-23,St.Louis City,Toronto FC,0.5307227497264151,0.24131156111176336,0.22796568916182153
2026-08-23,St.Louis City,Vancouver Whitecaps,0.2697621974259616,0.25265565835324566,0.47758214422079276
2026-08-23,Toronto FC,Atlanta United,0.5066670349979661,0.2435883414496088,0.24974462355242522
2026-08-23,Toronto FC,Austin FC,0.5340037059327776,0.2304643992380576,0.23553189482916484
2026-08-23,Toronto FC,CF Montréal,0.4895644496959381,0.24257537958671468,0.26786017071734725
2026-08-23,Toronto FC,Charlotte FC,0.4096055866672952,0.2441613664512158,0.3462330468814891
2026-08-23,Toronto FC,Chicago Fire,0.3662471253733668,0.25699681214119324,0.3767560624854401
2026-08-23,Toronto FC,Colorado Rapids,0.38632086528483084,0.2637526646347903,0.34992647008037886
2026-08-23,Toronto FC,Columbus Crew,0.45971076218278106,0.25023898640099285,0.29005025141622615
2026-08-23,Toronto FC,DC United,0.47218333312062016,0.24428524037495833,0.2835314265044215
2026-08-23,Toronto FC,FC Cincinnati,0.44025028104050146,0.216360046659207,0.34338967230029144
2026-08-23,Toronto FC,FC Dallas,0.35630801956670693,0.24183000746461997,0.40186197296867304
2026-08-23,Toronto FC,Houston Dynamo,0.3576848536591164,0.2690203648176151,0.37329478152326856
2026-08-23,Toronto FC,Inter Miami CF,0.3903703872847965,0.2237811269346326,0.385848485780571
2026-08-23,Toronto FC,LA Galaxy,0.4500059092842565,0.25571267619116156,0.29428141452458184
2026-08-23,Toronto FC,Los Angeles FC,0.3137346130354404,0.26777996127823783,0.4184854256863215
2026-08-23,Toronto FC,Minnesota United,0.3916665005916104,0.26496241518314,0.3433710842252497
2026-08-23,Toronto FC,Nashville SC,0.27659404657102377,0.261732371691745,0.46167358173723094
2026-08-23,Toronto FC,New England Revolution,0.38152964444899806,0.2595533090596745,0.35891704649132755
2026-08-23,Toronto FC,New York City FC,0.39511826061531674,0.2550322503882087,0.34984948899647467
2026-08-23,Toronto FC,New York Red Bulls,0.5188031222374931,0.22644905263936607,0.2547478251231406
2026-08-23,Toronto FC,Orlando City SC,0.5222344258840405,0.2196108070765673,0.25815476703939216
2026-08-23,Toronto FC,Philadelphia Union,0.4641578255248116,0.23813707345601842,0.29770510101916986
2026-08-23,Toronto FC,Portland Timbers,0.3939672250047742,0.23640101435142996,0.3696317606437958
2026-08-23,Toronto FC,Real Salt Lake,0.3989924131620816,0.2450776823923945,0.3559299044455238
2026-08-23,Toronto FC,San Diego FC,0.38389545463392327,0.24560753208777714,0.37049701327829987
2026-08-23,Toronto FC,San Jose Earthquakes,0.41008944873402303,0.23733692910905246,0.3525736221569245
2026-08-23,Toronto FC,Seattle Sounders FC,0.43745529759495666,0.2691762726221946,0.29336842978284866
2026-08-23,Toronto FC,Sporting Kansas City,0.6296782628973642,0.20398434071502394,0.1663373963876118
2026-08-23,Toronto FC,St.Louis City,0.38116614913994523,0.2623746384523697,0.35645921240768513
2026-08-23,Toronto FC,Vancouver Whitecaps,0.21094952179138948,0.23310922325299047,0.5559412549556202
2026-08-23,Vancouver Whitecaps,Atlanta United,0.7690259990649952,0.14782612402469442,0.08314787691031035
2026-08-23,Vancouver Whitecaps,Austin FC,0.7960316649599235,0.13081821004572572,0.07315012499435067
2026-08-23,Vancouver Whitecaps,CF Montréal,0.7587274860816711,0.15093150416036136,0.09034100975796773
2026-08-23,Vancouver Whitecaps,Charlotte FC,0.6957273978068375,0.1751316359836987,0.12914096620946397
2026-08-23,Vancouver Whitecaps,Chicago Fire,0.6429619030450203,0.20257534540043773,0.15446275155454214
2026-08-23,Vancouver Whitecaps,Colorado Rapids,0.6573492742810717,0.20120288929227134,0.14144783642665673
2026-08-23,Vancouver Whitecaps,Columbus Crew,0.7311875513913854,0.1654474590488408,0.10336498955977404
2026-08-23,Vancouver Whitecaps,DC United,0.7452937252143043,0.1568041684431239,0.09790210634257202
2026-08-23,Vancouver Whitecaps,FC Cincinnati,0.7487570242088823,0.13979834710020464,0.11144462869091294
2026-08-23,Vancouver Whitecaps,FC Dallas,0.6463220629950156,0.19221675870081445,0.16146117830417003
2026-08-23,Vancouver Whitecaps,Houston Dynamo,0.6242149846110616,0.21700621158967193,0.15877880379926657
2026-08-23,Vancouver Whitecaps,Inter Miami CF,0.6986830481583499,0.16233826614374874,0.1389786856979013
2026-08-23,Vancouver Whitecaps,LA Galaxy,0.7192885976725072,0.17306475067932145,0.10764665164817122
2026-08-23,Vancouver Whitecaps,Los Angeles FC,0.5754286492324293,0.23468615223649328,0.18988519853107735
2026-08-23,Vancouver Whitecaps,Minnesota United,0.6614975287099563,0.2003549881819801,0.13814748310806374
2026-08-23,Vancouver Whitecaps,Nashville SC,0.5325569939388873,0.2467127094832382,0.2207302965778746
2026-08-23,Vancouver Whitecaps,New England Revolution,0.6561324542257678,0.19913804209349692,0.1447295036807352
2026-08-23,Vancouver Whitecaps,New York City FC,0.672942297125757,0.19008434667969612,0.1369733561945469
2026-08-23,Vancouver Whitecaps,New York Red Bulls,0.7908537544702715,0.13029924517379363,0.07884700035593485
2026-08-23,Vancouver Whitecaps,Orlando City SC,0.7989880916628986,0.12361382272557492,0.07739808561152646
2026-08-23,Vancouver Whitecaps,Philadelphia Union,0.7449011898775668,0.1534133942316298,0.10168541589080317
2026-08-23,Vancouver Whitecaps,Portland Timbers,0.6889620019196261,0.17315592230024127,0.13788207578013256
2026-08-23,Vancouver Whitecaps,Real Salt Lake,0.6853439894998097,0.17955338773036414,0.13510262276982607
2026-08-23,Vancouver Whitecaps,San Diego FC,0.6706601618471195,0.18536572993261766,0.14397410822026258
2026-08-23,Vancouver Whitecaps,San Jose Earthquakes,0.7025673434868163,0.16862904671388923,0.12880360979929462
2026-08-23,Vancouver Whitecaps,Seattle Sounders FC,0.6987747126848941,0.18872476948832864,0.11250051782677718
2026-08-23,Vancouver Whitecaps,Sporting Kansas City,0.8606742959159942,0.09546822894603339,0.0438574751379725
2026-08-23,Vancouver Whitecaps,St.Louis City,0.6534511910689454,0.20185207155420773,0.14469673737684668
2026-08-23,Vancouver Whitecaps,Toronto FC,0.7258472492695576,0.16960072716773308,0.10455202356270923
