Date,Home Team,Away Team,Home Win Probability,Draw Probability,Away Win Probability,Home -2,Home -1,Away -2,Away -1
2026-09-12,Beijing Guoan,Changchun Yatai,0.784411870701809,0.14004814220610928,0.07553998709208161,0.3507396008047848,0.5710336561087187,0.0036833572026265756,0.019097397405983322
2026-09-12,Beijing Guoan,Chengdu Rongcheng,0.44667458095520624,0.2306388378016805,0.3226865812431132,0.10377307347348828,0.2384066667040561,0.05538733911101255,0.1490110627016049
2026-09-12,Beijing Guoan,Chongqing Tonglianglong,0.6725831139210202,0.20038127258489388,0.12703561349408618,0.21503825769299967,0.42169251434723504,0.007338428763609175,0.035091993545052436
2026-09-12,Beijing Guoan,Dalian Yingbo,0.6487611772546779,0.19224906691645455,0.15898975582886768,0.22312310191597667,0.4176285371622851,0.014572471709489611,0.05440021474914802
2026-09-12,Beijing Guoan,Henan Songshan Longmen,0.5703392431478731,0.21493709907923203,0.21472365777289487,0.1666734911821712,0.34012662540242894,0.02489591947251882,0.08229379112181223
2026-09-12,Beijing Guoan,Liaoning Tieren,0.7280720088166892,0.15188758622846812,0.12004040495484246,0.32197299277382185,0.5233059352855791,0.01122584123063529,0.04112748498046757
2026-09-12,Beijing Guoan,Meizhou Hakka,0.8313748140487072,0.10276801050640039,0.06585717544489238,0.4709352852585316,0.6665508762182534,0.004843423996983086,0.019991101037484953
2026-09-12,Beijing Guoan,Qingdao Hainiu,0.7613304818407161,0.13853152370650065,0.10013799445278346,0.359555988058551,0.5639547702107253,0.008314671974916737,0.032393615159371496
2026-09-12,Beijing Guoan,Qingdao West Coast,0.6541556826321384,0.19539000232699044,0.1504543150408712,0.21926439679004356,0.4170538426260009,0.012197769152721102,0.04865692220073346
2026-09-12,Beijing Guoan,Shandong Taishan,0.6092633480282469,0.18651310820151226,0.20422354377024082,0.220390967674777,0.398160135532248,0.02895982355744999,0.08533892126175102
2026-09-12,Beijing Guoan,Shanghai Port,0.5478325321753318,0.2147846902046507,0.23738277762001764,0.15867518585695403,0.32458225615219416,0.03172694805986083,0.09716941753398033
2026-09-12,Beijing Guoan,Shanghai Shenhua,0.5701145549110697,0.19249032259681234,0.23739512249211778,0.19602715228664286,0.3632440344180267,0.038921794060871026,0.10618806092940053
2026-09-12,Beijing Guoan,Shenzhen Xinpengcheng,0.7075862713653533,0.16377101861602647,0.12864271001861988,0.29078604639108957,0.4928334746101524,0.011576267565753612,0.04340583380972504
2026-09-12,Beijing Guoan,Tianjin Jinmen Tiger,0.6554511820610107,0.19411554656158705,0.15043327137740212,0.22165227757489606,0.4194493983767564,0.012359076542784836,0.048940451899437985
2026-09-12,Beijing Guoan,Wuhan Three Towns,0.6971237572810872,0.1573886520834873,0.14548759063542574,0.30399288160988447,0.49618617495339074,0.017271789261806773,0.055671320146120425
2026-09-12,Beijing Guoan,Yunnan Yukun,0.6591073926630808,0.1699534502781179,0.17093915705880125,0.2669787554778816,0.45345926905935324,0.022357031335794086,0.0685676704023401
2026-09-12,Beijing Guoan,Zhejiang Professional,0.647909809181895,0.17811793133066944,0.17397225948743547,0.24783498018894706,0.43513467423678864,0.02134495382512776,0.06789612941904347
2026-09-12,Changchun Yatai,Beijing Guoan,0.17643139365581398,0.21651401114546873,0.6070545951987171,0.014972678709200977,0.0584994747525389,0.176511043340278,0.36296854988116733
2026-09-12,Changchun Yatai,Chengdu Rongcheng,0.15490845216292978,0.21962616577097857,0.6254653820660917,0.010336202074778162,0.04591720656031194,0.17763042798867099,0.3712304527657535
2026-09-12,Changchun Yatai,Chongqing Tonglianglong,0.3319958042478285,0.3236219922888836,0.34438220346328763,0.031100863033776942,0.11747662064721023,0.03371388343640693,0.12447942829530644
2026-09-12,Changchun Yatai,Dalian Yingbo,0.29292668296496105,0.2820420037175871,0.4250313133174518,0.030565947474429474,0.10830600584684856,0.06679142862127381,0.1913442438529344
2026-09-12,Changchun Yatai,Henan Songshan Longmen,0.23418044813304717,0.2657908224414056,0.5000287294255473,0.020180042515785052,0.07885566305385261,0.09817107080032061,0.250094956396574
2026-09-12,Changchun Yatai,Liaoning Tieren,0.34528865144226134,0.263749372903418,0.39096197565432056,0.04991558651853872,0.1484388255744869,0.06426688828386848,0.17875849088345108
2026-09-12,Changchun Yatai,Meizhou Hakka,0.4523468372245987,0.25119566424527984,0.2964574985301216,0.0917222137723276,0.22807938780855389,0.03927127724098638,0.12188939456274173
2026-09-12,Changchun Yatai,Qingdao Hainiu,0.37936392035111,0.26589367280466336,0.35474240684422675,0.05966142256219818,0.16991071426405324,0.05202835429611747,0.15365080339975642
2026-09-12,Changchun Yatai,Qingdao West Coast,0.30323805978609797,0.29414714084288995,0.40261479937101213,0.030488504149929062,0.11040852491640486,0.055764612586218246,0.17103394585839274
2026-09-12,Changchun Yatai,Shandong Taishan,0.24091532455967568,0.23617037783332204,0.5229142976070023,0.027338535675713413,0.0918179257536541,0.12803751298675056,0.28804390537965524
2026-09-12,Changchun Yatai,Shanghai Port,0.21422988416633035,0.2494566580394637,0.5363134577942059,0.018387270432206417,0.07180819618603729,0.12122831109365326,0.28610563340291184
2026-09-12,Changchun Yatai,Shanghai Shenhua,0.2104088257222501,0.22024644620405523,0.5693447280736946,0.022571812835458786,0.07786646425296237,0.16015466376022558,0.33419706241866465
2026-09-12,Changchun Yatai,Shenzhen Xinpengcheng,0.3331766783649263,0.2720351085692732,0.3947882130658004,0.04364459360254704,0.13696010752174456,0.06191779204567425,0.1769411326925244
2026-09-12,Changchun Yatai,Tianjin Jinmen Tiger,0.30336374757767554,0.2924732220426821,0.40416303037964246,0.03085679924935159,0.11103189039850472,0.056777145050516294,0.1727975180910788
2026-09-12,Changchun Yatai,Wuhan Three Towns,0.305802693765095,0.24582155332459724,0.4483757529103079,0.043834400728476074,0.1303106963921,0.09376616037433964,0.22895458239705302
2026-09-12,Changchun Yatai,Yunnan Yukun,0.274656955566759,0.24048020802123696,0.4848628364120039,0.0358945897288832,0.11192668603067976,0.11084672899956527,0.25826802125074005
2026-09-12,Changchun Yatai,Zhejiang Professional,0.27312214869932167,0.2493548405416804,0.477523010758998,0.03304544218970073,0.10756635637042232,0.10173307285367994,0.24665246043883698
2026-09-12,Chengdu Rongcheng,Beijing Guoan,0.5325399973303405,0.21762025123435716,0.24983975143530246,0.14971105302993626,0.31106676185736803,0.03488806586899168,0.10443672219862217
2026-09-12,Chengdu Rongcheng,Changchun Yatai,0.7928271556472165,0.14055585812707205,0.06661698622571147,0.3466228881504643,0.5729318951793678,0.0025394721532428018,0.015006172374537864
2026-09-12,Chengdu Rongcheng,Chongqing Tonglianglong,0.6851574254362202,0.20291563624137948,0.11192693832240029,0.21311274838283156,0.4254802683305301,0.005034497075339938,0.02748874333563281
2026-09-12,Chengdu Rongcheng,Dalian Yingbo,0.6675050864995837,0.19346470651357128,0.13903020698684493,0.2253431152875386,0.4275590771413679,0.010090715540010108,0.04268979645696044
2026-09-12,Chengdu Rongcheng,Henan Songshan Longmen,0.5939144037709531,0.21817672310511768,0.18790887312392915,0.17053075363993953,0.35268271270445656,0.01732504912864134,0.06478021013174144
2026-09-12,Chengdu Rongcheng,Liaoning Tieren,0.7449601327700718,0.1507581828657871,0.10428168436414122,0.32535980947128706,0.5341833752215962,0.007790130309519818,0.032207321119187435
2026-09-12,Chengdu Rongcheng,Meizhou Hakka,0.8417822746574545,0.10100507728113746,0.057212648061408154,0.4717934514710401,0.6734957425588075,0.003364241547263024,0.01566096398010915
2026-09-12,Chengdu Rongcheng,Qingdao Hainiu,0.7756601774254283,0.13723809199313727,0.08710173058143476,0.3615637084519933,0.5729633217044688,0.005765511462880141,0.02537197537087791
2026-09-12,Chengdu Rongcheng,Qingdao West Coast,0.6711423208996807,0.19698682213880372,0.13187085696151538,0.22021554719772066,0.4251713987951915,0.008423833435142155,0.03816785942351151
2026-09-12,Chengdu Rongcheng,Shandong Taishan,0.6357161719156559,0.1871802467009597,0.17710358138338445,0.22805504956081374,0.4154967066095405,0.020260651196936538,0.0670625813601432
2026-09-12,Chengdu Rongcheng,Shanghai Port,0.5740506115377203,0.21843161646495945,0.20751777199732047,0.16382647852463023,0.3391745523968147,0.0221742308296434,0.07662847722912555
2026-09-12,Chengdu Rongcheng,Shanghai Shenhua,0.5999735375502199,0.19416570995202667,0.20586075249775349,0.20507426553758526,0.3828081845510013,0.02735883718511124,0.08364783148445733
2026-09-12,Chengdu Rongcheng,Shenzhen Xinpengcheng,0.7246140504588521,0.16331081224283975,0.11207513729830823,0.29338097393947365,0.5029751396315915,0.008024621732295937,0.0340197850643237
2026-09-12,Chengdu Rongcheng,Tianjin Jinmen Tiger,0.6725846564864859,0.19560841240789,0.13180693110562405,0.2227444760750579,0.42777373846152256,0.008538194052080122,0.03839146214383873
2026-09-12,Chengdu Rongcheng,Wuhan Three Towns,0.7183429733085981,0.15595241395651627,0.12570461273488556,0.31076261951413464,0.5112223016502558,0.012026889279818162,0.043558829539234345
2026-09-12,Chengdu Rongcheng,Yunnan Yukun,0.6829978834959494,0.16919861554751398,0.1478035009565368,0.2745773224545892,0.47001300515713357,0.015600817804875258,0.05372919715294579
2026-09-12,Chengdu Rongcheng,Zhejiang Professional,0.6710344806910695,0.17802515166418542,0.15094036764474514,0.25404595315203987,0.45021910439989704,0.01487729862261831,0.05326296825673265
2026-09-12,Chongqing Tonglianglong,Beijing Guoan,0.2531278684145874,0.26096571451472406,0.4859064170706886,0.025275956452310983,0.0912961291883945,0.09679431881685255,0.24414057965982944
2026-09-12,Chongqing Tonglianglong,Changchun Yatai,0.5058767805483395,0.2953331844630605,0.1987900349886002,0.0833616308261741,0.23465740550529415,0.010782669093252937,0.05393800798835801
2026-09-12,Chongqing Tonglianglong,Chengdu Rongcheng,0.22331338673965284,0.2692300753502028,0.5074565379101442,0.017483082002709795,0.07190052102172606,0.09825955310726396,0.25252355538924137
2026-09-12,Chongqing Tonglianglong,Dalian Yingbo,0.3725350632656749,0.3029590507723569,0.3245058859619682,0.04513409225289087,0.14862845400222668,0.033546139958793866,0.11993637741628903
2026-09-12,Chongqing Tonglianglong,Henan Songshan Longmen,0.31042438325640387,0.2988672254104839,0.3907083913331123,0.031176765753298356,0.11306634620525542,0.05101719869519794,0.16148515143896688
2026-09-12,Chongqing Tonglianglong,Liaoning Tieren,0.4346483290644457,0.27453919951592887,0.29081247141962546,0.07306683957422377,0.20173395292376303,0.031680303763395264,0.10958108304244266
2026-09-12,Chongqing Tonglianglong,Meizhou Hakka,0.5440057402236345,0.24479367719064155,0.21120058258572388,0.12753640505051414,0.2949978101892036,0.018433208482192306,0.07129614987835609
2026-09-12,Chongqing Tonglianglong,Qingdao Hainiu,0.46850090164708813,0.2707779534630305,0.2607211448898813,0.08545739405090372,0.22617446455655163,0.025214342541753847,0.09279150092724693
2026-09-12,Chongqing Tonglianglong,Qingdao West Coast,0.3801448214022259,0.31304802659475733,0.3068071520030167,0.04426828138694588,0.1491368637805709,0.027752672228320743,0.10655569590403421
2026-09-12,Chongqing Tonglianglong,Shandong Taishan,0.3280294419842724,0.2670997150546342,0.40487084296109344,0.043687123697204365,0.13574218919667377,0.06721601897430365,0.1862314833184828
2026-09-12,Chongqing Tonglianglong,Shanghai Port,0.2911466563963541,0.2865927261439939,0.42226061745965215,0.029215326370365453,0.10575662145894947,0.06409325410728145,0.18717243957276514
2026-09-12,Chongqing Tonglianglong,Shanghai Shenhua,0.29605017071226236,0.2572496198840034,0.4467002094037343,0.037407912931249565,0.11921323176187586,0.08609629034374054,0.22024693638593126
2026-09-12,Chongqing Tonglianglong,Shenzhen Xinpengcheng,0.41900455007049414,0.28511993102426114,0.2958755189052447,0.06375458243193892,0.18585780947129718,0.03062269125746166,0.10903758491708145
2026-09-12,Chongqing Tonglianglong,Tianjin Jinmen Tiger,0.38076607782250826,0.31134898299719893,0.3078849391802927,0.044870124223965975,0.15018533164970116,0.028272094547990186,0.10767294862864442
2026-09-12,Chongqing Tonglianglong,Wuhan Three Towns,0.3992680395954998,0.2637404900300529,0.3369914703744473,0.06695213447781487,0.1843263185133977,0.04741019643573657,0.14300940536396903
2026-09-12,Chongqing Tonglianglong,Yunnan Yukun,0.36621997721938965,0.2644790026270907,0.36930102015351973,0.05610681287024749,0.1619021437737481,0.057071693696905436,0.16394494991010367
2026-09-12,Chongqing Tonglianglong,Zhejiang Professional,0.3611453500689351,0.2738605153667942,0.36499413456427066,0.05110973536456279,0.15411934516018194,0.052240537994852065,0.15660805456116733
2026-09-12,Dalian Yingbo,Beijing Guoan,0.31733063161058483,0.24049785499617124,0.44217151339324406,0.049497860493586045,0.1405026443273189,0.09501811344957471,0.22823127914405722
2026-09-12,Dalian Yingbo,Changchun Yatai,0.6074133964818282,0.23421663238257814,0.15836997113559345,0.15621506825399983,0.345139901880545,0.009585249054114784,0.044929374830201214
2026-09-12,Dalian Yingbo,Chengdu Rongcheng,0.27946920010056053,0.24944525451847735,0.4710855453809623,0.03481632436508256,0.11158966043886694,0.09942828918600218,0.24217212785087153
2026-09-12,Dalian Yingbo,Chongqing Tonglianglong,0.492200245491464,0.2837218008423334,0.2240779536662026,0.08550395616758645,0.23328032926608727,0.01586179168130409,0.06892504921537038
2026-09-12,Dalian Yingbo,Henan Songshan Longmen,0.3853323556228048,0.26625370978879487,0.3484139345884,0.061391799244516466,0.17368840393446852,0.04998131962735343,0.14933746824770638
2026-09-12,Dalian Yingbo,Liaoning Tieren,0.5309545310317242,0.23007879031886727,0.2389666786494084,0.136494033171024,0.29878725786597976,0.02821945058524388,0.0926653215818656
2026-09-12,Dalian Yingbo,Meizhou Hakka,0.6500911239849497,0.1903785786057415,0.15953029740930902,0.22659901237052374,0.42082233842412364,0.014996628332796151,0.055208884834881344
2026-09-12,Dalian Yingbo,Qingdao Hainiu,0.5684488242560076,0.22198489860647175,0.20956627713752077,0.15789746414819486,0.33189795656329185,0.022002587497755507,0.076808079565645
2026-09-12,Dalian Yingbo,Qingdao West Coast,0.4670529052026396,0.2684791017687906,0.2644679930285697,0.08628780617632387,0.22668230969383796,0.026525401751126405,0.09571934059111942
2026-09-12,Dalian Yingbo,Shandong Taishan,0.4084828263885931,0.23829467218320818,0.3532225014281985,0.08367725194208803,0.20573202659848217,0.063022017382154,0.166519775079819
2026-09-12,Dalian Yingbo,Shanghai Port,0.3625821225912785,0.25829433615628583,0.3791235412524356,0.05742127624113242,0.1625478263097369,0.062823847340324,0.17369579663815743
2026-09-12,Dalian Yingbo,Shanghai Shenhua,0.3707214394569015,0.23361256497574265,0.39566599556735593,0.07192667571133987,0.1815655652641835,0.08157219918633547,0.1994946016735061
2026-09-12,Dalian Yingbo,Shenzhen Xinpengcheng,0.5126809511678747,0.2406953505654224,0.24662369826670286,0.12058085557617332,0.2773220271418984,0.027855403333880587,0.09387531942300771
2026-09-12,Dalian Yingbo,Tianjin Jinmen Tiger,0.4678209857446842,0.2670401576692376,0.26513885658607794,0.08734570849885057,0.2281099675267074,0.026968641050231237,0.09657468455784234
2026-09-12,Dalian Yingbo,Wuhan Three Towns,0.49212146042022253,0.2265968597019661,0.2812816798778112,0.12513014427002697,0.2743359339424926,0.04239933857958192,0.1221047580066107
2026-09-12,Dalian Yingbo,Yunnan Yukun,0.4539024186608222,0.23154478394404893,0.3145527973951288,0.10595590022458769,0.2429703240558912,0.05207935862435589,0.14285917348995417
2026-09-12,Dalian Yingbo,Zhejiang Professional,0.44709109807264297,0.23976896860860739,0.31313993331874956,0.09736424084475682,0.23221893854907508,0.0483665900329207,0.13798023676878735
2026-09-12,Henan Songshan Longmen,Beijing Guoan,0.39576665482815215,0.24129438357502384,0.36293896159682426,0.07714360129756735,0.19484000104515553,0.06510480638007497,0.17171197833552593
2026-09-12,Henan Songshan Longmen,Changchun Yatai,0.6811778512222129,0.20151104542718268,0.11731110335060434,0.21469790135628783,0.42508373528160737,0.005823040004208637,0.03017786465509906
2026-09-12,Henan Songshan Longmen,Chengdu Rongcheng,0.3505358628728085,0.2548572208417516,0.3946069162854398,0.05489855610747758,0.15615053940035886,0.06961582975038126,0.18610641187153912
2026-09-12,Henan Songshan Longmen,Chongqing Tonglianglong,0.5655206540628754,0.2589112172447553,0.17556812869236904,0.12234299706070226,0.29714259909887114,0.010222841448363027,0.049061986512379974
2026-09-12,Henan Songshan Longmen,Dalian Yingbo,0.5380333923288797,0.24262205416295662,0.2193445535081638,0.12749011287977652,0.29286170799373856,0.02062089066996274,0.07664431798673026
2026-09-12,Henan Songshan Longmen,Liaoning Tieren,0.6151770363490696,0.20520069442366154,0.1796222692272691,0.19394699206258625,0.38061757828749493,0.01748340470665595,0.06335152228823106
2026-09-12,Henan Songshan Longmen,Meizhou Hakka,0.7296705047235487,0.15795398986602638,0.11237550541042479,0.3065910873822979,0.514262567973159,0.008668766326820483,0.03527443840493927
2026-09-12,Henan Songshan Longmen,Qingdao Hainiu,0.6511162914964926,0.19392728449522437,0.15495642400828327,0.22093323692950687,0.4170037240941088,0.013387055849537283,0.05160137705742282
2026-09-12,Henan Songshan Longmen,Qingdao West Coast,0.5446298636597517,0.24797310490231847,0.20739703143792984,0.12504399461493812,0.2927632001394981,0.017156316562103688,0.06830577763862267
2026-09-12,Henan Songshan Longmen,Shandong Taishan,0.4942676547273267,0.22723219538243133,0.27850014989024197,0.1254020081845835,0.27535574864831663,0.04124603071588594,0.11992774048197936
2026-09-12,Henan Songshan Longmen,Shanghai Port,0.440695162455888,0.25195565333409414,0.30734918421001806,0.08717364876549517,0.21955308041828295,0.04231067646460277,0.12870199465049265
2026-09-12,Henan Songshan Longmen,Shanghai Shenhua,0.45617423065019097,0.22771021286070298,0.31611555648910616,0.10984415720576929,0.2474592054321847,0.054257071059660794,0.1458449359574422
2026-09-12,Henan Songshan Longmen,Shenzhen Xinpengcheng,0.5952129926576217,0.21700186773011934,0.1877851396122591,0.17236031022186699,0.35475089196504483,0.01748617407690437,0.06502348441575534
2026-09-12,Henan Songshan Longmen,Tianjin Jinmen Tiger,0.5457134346286268,0.24655273063644673,0.2077338347349264,0.12657403593258473,0.29464956300646356,0.01742844348332548,0.06885640966571444
2026-09-12,Henan Songshan Longmen,Wuhan Three Towns,0.5803944412184932,0.20621080069803457,0.21339475808347214,0.18114042382903114,0.35602113913605093,0.026586421138346594,0.08439395133218412
2026-09-12,Henan Songshan Longmen,Yunnan Yukun,0.5419985490509525,0.21528816215916316,0.24271328878988438,0.15589392498244423,0.3199695357069179,0.03328089452924051,0.1005487141834853
2026-09-12,Henan Songshan Longmen,Zhejiang Professional,0.5327070112059594,0.22379316282105896,0.24349982597298145,0.14332891555672242,0.30557431605276175,0.03113746888902972,0.0978520529283184
2026-09-12,Liaoning Tieren,Beijing Guoan,0.2703493465055969,0.21401943238163126,0.5156312211127719,0.043112879888282565,0.12007154920039073,0.14682808859105662,0.302143377560456
2026-09-12,Liaoning Tieren,Changchun Yatai,0.584631610355385,0.227359834744068,0.18800855490054694,0.15713594786442958,0.3374076265781391,0.015953889960186145,0.06245137155566418
2026-09-12,Liaoning Tieren,Chengdu Rongcheng,0.23615013849416241,0.21851357598942198,0.5453362855164154,0.03031984035258773,0.09496332905466089,0.1535775430293523,0.31928630710329703
2026-09-12,Liaoning Tieren,Chongqing Tonglianglong,0.46548107164974073,0.26966281127452163,0.26485611707573775,0.08513523665696864,0.2248975421841374,0.026387915196406552,0.09557940680568024
2026-09-12,Liaoning Tieren,Dalian Yingbo,0.42191243550829155,0.24677878894414787,0.3313087755475607,0.0835768457666714,0.2098345534907101,0.051753396944222665,0.1470549709599312
2026-09-12,Liaoning Tieren,Henan Songshan Longmen,0.3450036379428603,0.24533993180299407,0.4096564302541457,0.05695708960845302,0.15712575570700285,0.07996291701734166,0.20215237719095105
2026-09-12,Liaoning Tieren,Meizhou Hakka,0.6196627113194938,0.18824486090009837,0.19209242778040794,0.22118670817320785,0.4033444400786238,0.02452182576361206,0.07651883921498011
2026-09-12,Liaoning Tieren,Qingdao Hainiu,0.5336606976128103,0.21551867155478702,0.2508206308324022,0.15242210791590208,0.3138082056463623,0.03585863240311733,0.10594175717474572
2026-09-12,Liaoning Tieren,Qingdao West Coast,0.4331914374761861,0.253888067209246,0.3129204953145678,0.08342176765027591,0.21315619695248128,0.04338604921546821,0.13154104446310957
2026-09-12,Liaoning Tieren,Shandong Taishan,0.3614752650801141,0.22063626247168983,0.417888472448196,0.07555419704774688,0.1825140489587727,0.0993409229456934,0.22438717897525257
2026-09-12,Liaoning Tieren,Shanghai Port,0.3196424008985667,0.23559457557496463,0.4447630235264686,0.052219195682445034,0.14443364576405834,0.09940286306135421,0.23348841501292114
2026-09-12,Liaoning Tieren,Shanghai Shenhua,0.32132573911625806,0.21269870771171842,0.4659755531720237,0.06337345683654681,0.15744664367864752,0.12691521882860604,0.26641427832519265
2026-09-12,Liaoning Tieren,Shenzhen Xinpengcheng,0.4757972636740049,0.2304605035449569,0.2937422327810383,0.11542035621308905,0.259542558120674,0.04525116601807123,0.12894558538045459
2026-09-12,Liaoning Tieren,Tianjin Jinmen Tiger,0.4336358809675529,0.25257986063079885,0.31378425840164814,0.08433529645641859,0.21428960965921148,0.04407644533742516,0.13267343813246674
2026-09-12,Liaoning Tieren,Wuhan Three Towns,0.4478719489216216,0.2159235587055718,0.3362044923728067,0.11607236106825145,0.2502681255183708,0.06778520911156106,0.16662110819093276
2026-09-12,Liaoning Tieren,Yunnan Yukun,0.40762544417481067,0.2179015422443668,0.37447301358082274,0.09693471858536602,0.21862311491132996,0.08267302211914958,0.19383234800632085
2026-09-12,Liaoning Tieren,Zhejiang Professional,0.40291183119021456,0.22523090256132114,0.37185726624846427,0.08981265987233093,0.2101685863991567,0.07710049417887761,0.1873684400029652
2026-09-12,Meizhou Hakka,Beijing Guoan,0.17813272415604875,0.17828101652728795,0.6435862593166635,0.022598391610362163,0.07059656928160477,0.24622884303531267,0.4320174418244872
2026-09-12,Meizhou Hakka,Changchun Yatai,0.4858864477009801,0.24599881756153982,0.26811473473747993,0.1070546901309786,0.25483879794470676,0.03249960149080833,0.10560800720962274
2026-09-12,Meizhou Hakka,Chengdu Rongcheng,0.15445247198505188,0.17818362250466213,0.6673639055102858,0.01576264567615444,0.05538547722094855,0.25289359097083397,0.4477002735570864
2026-09-12,Meizhou Hakka,Chongqing Tonglianglong,0.3719440358562828,0.2714633776550906,0.3565925864886268,0.05518696572324739,0.16226340877828224,0.050603401494991304,0.1522737293365068
2026-09-12,Meizhou Hakka,Dalian Yingbo,0.3196301215215386,0.23841016280139032,0.4419597156770711,0.051087961592364804,0.14306865680087233,0.09635910378832896,0.2295199395006765
2026-09-12,Meizhou Hakka,Henan Songshan Longmen,0.2488089187575602,0.22315312426192202,0.5280379569805177,0.032939166014287966,0.10159511339530403,0.14223725570302262,0.3028639312529927
2026-09-12,Meizhou Hakka,Liaoning Tieren,0.37950252389875916,0.2235325428377444,0.39696493326349647,0.08124586216170013,0.19402469323019966,0.08848068736942721,0.2069030388809272
2026-09-12,Meizhou Hakka,Qingdao Hainiu,0.4203429315236385,0.22423695915691022,0.3554201093194513,0.09774250572670344,0.2236921935989096,0.07105008189495635,0.17595167489904256
2026-09-12,Meizhou Hakka,Qingdao West Coast,0.3334206216028073,0.2482355709692116,0.41834380742798116,0.0518879575055897,0.14779183486913938,0.08144245205338117,0.2064296401365827
2026-09-12,Meizhou Hakka,Shandong Taishan,0.25359140180695966,0.1994132332661282,0.5469953649269124,0.04244471353718778,0.11472415628531268,0.1769828105768522,0.3390527041268764
2026-09-12,Meizhou Hakka,Shanghai Port,0.22405991043075763,0.2084921485646201,0.567447941004622,0.029275024530189386,0.09062766377777556,0.1735177070749775,0.3446192414674335
2026-09-12,Meizhou Hakka,Shanghai Shenhua,0.2169810710585431,0.18444774618968232,0.5985711827517746,0.034136560509264086,0.09504174691196171,0.219707797289022,0.39292752468947445
2026-09-12,Meizhou Hakka,Shenzhen Xinpengcheng,0.3661373832025392,0.2303373999153892,0.40352521688207155,0.07193652131495736,0.18017794788626612,0.08671241018828062,0.20727061446782216
2026-09-12,Meizhou Hakka,Tianjin Jinmen Tiger,0.33334869812849743,0.2468886887860383,0.41976261308546425,0.052388173007549756,0.14838898737594278,0.08273467344858698,0.20826274324591884
2026-09-12,Meizhou Hakka,Wuhan Three Towns,0.3306431785836664,0.2092829292655966,0.46007389215073713,0.06911141007290482,0.16627011555144744,0.1274684865423775,0.26471309083154176
2026-09-12,Meizhou Hakka,Yunnan Yukun,0.2934139038880378,0.20433554147245714,0.502250554639505,0.05607173872621608,0.14130813931762903,0.1515842549560252,0.3009185270622006
2026-09-12,Meizhou Hakka,Zhejiang Professional,0.29251553574372363,0.21150888033291648,0.49597558392335994,0.052418829724104395,0.13703517532166115,0.14118488499300486,0.2898721317946878
2026-09-12,Qingdao Hainiu,Beijing Guoan,0.2361652529141321,0.20702693619048132,0.5568078108953866,0.033612158023920924,0.09933967488437537,0.17132268738417647,0.3385568456215555
2026-09-12,Qingdao Hainiu,Changchun Yatai,0.5452253192793233,0.24028616778494724,0.2144885129357294,0.13188205425662458,0.29962411905780123,0.01988938196304431,0.07443564680678211
2026-09-12,Qingdao Hainiu,Chengdu Rongcheng,0.20595801754006202,0.2099568737085934,0.5840851087513445,0.023536097170431824,0.07832419966012868,0.1775727538790119,0.3546358504450376
2026-09-12,Qingdao Hainiu,Chongqing Tonglianglong,0.4286028141023213,0.2770974685976114,0.2942997173000673,0.07003545830471317,0.19634924123670142,0.03197535325938687,0.11081315074649317
2026-09-12,Qingdao Hainiu,Dalian Yingbo,0.3828719435431407,0.2501564538353047,0.3669716026215546,0.06787022844251644,0.18067927317448831,0.06237939724351976,0.16973067028916913
2026-09-12,Qingdao Hainiu,Henan Songshan Longmen,0.3088051336315508,0.24374855362489506,0.4474463127435543,0.04550244861217676,0.1332350163000558,0.09479709791651235,0.22971941773549973
2026-09-12,Qingdao Hainiu,Liaoning Tieren,0.4497452403450033,0.2282207252908352,0.3220340343641614,0.10684656384489097,0.24240145619286926,0.05621036913100832,0.1497734989445269
2026-09-12,Qingdao Hainiu,Meizhou Hakka,0.5754906925398467,0.2010503718356142,0.223458935624539,0.18622427888837192,0.35801959854810306,0.031174030645440616,0.09299890202567714
2026-09-12,Qingdao Hainiu,Qingdao West Coast,0.3948121969417862,0.2583525970247037,0.34683520603351015,0.0680005415292175,0.18429015837005008,0.052361965191535215,0.1519836137382336
2026-09-12,Qingdao Hainiu,Shandong Taishan,0.32115877652401936,0.21902745104883461,0.4598137724271462,0.060141385838266156,0.1539193052989057,0.11855696755967399,0.256777193178442
2026-09-12,Qingdao Hainiu,Shanghai Port,0.28391245416660005,0.23208798756265459,0.4839995582707455,0.04139741174668586,0.12152417962880575,0.11724779491992421,0.2641342440024959
2026-09-12,Qingdao Hainiu,Shanghai Shenhua,0.2825088958209046,0.20842100097362656,0.5090701032054689,0.049877312169985116,0.13132001249284234,0.15009230593176043,0.3023498049543831
2026-09-12,Qingdao Hainiu,Shenzhen Xinpengcheng,0.433889384032868,0.23655818492427785,0.32955243104285425,0.09453472775598312,0.22503591012541485,0.055304603350745836,0.1508481068720992
2026-09-12,Qingdao Hainiu,Tianjin Jinmen Tiger,0.3950910274339054,0.2570097146627247,0.3478992579033699,0.06873506339379012,0.18522764369633574,0.05320957954721677,0.15333576054305623
2026-09-12,Qingdao Hainiu,Wuhan Three Towns,0.4037393981297693,0.21950185182317825,0.3767587500470524,0.09410959544327903,0.21462209415032235,0.08262484952117484,0.19452459631460522
2026-09-12,Qingdao Hainiu,Yunnan Yukun,0.3647998750719982,0.2190213699238408,0.41617875500416107,0.0778959036678099,0.18594831873649184,0.0998070760944459,0.2242448744886637
2026-09-12,Qingdao Hainiu,Zhejiang Professional,0.3614099994700842,0.2263857858285149,0.41220421470140106,0.07225161714171194,0.17906154075952607,0.0928565107966194,0.2162279162161004
2026-09-12,Qingdao West Coast,Beijing Guoan,0.2995839582599759,0.24696037552032846,0.45345566621969585,0.04152173690341137,0.1256928506532106,0.09484935629304236,0.23171564567716216
2026-09-12,Qingdao West Coast,Changchun Yatai,0.5796735142153246,0.2512363686492537,0.1690901171354216,0.13252008262560963,0.3123505266680728,0.00985443674192423,0.04722605508330702
2026-09-12,Qingdao West Coast,Chengdu Rongcheng,0.2639898177908859,0.2557208361121287,0.4802893460969856,0.02906339714501013,0.09959118349107442,0.09835984837160966,0.2440256839963237
2026-09-12,Qingdao West Coast,Chongqing Tonglianglong,0.4672606229774792,0.2988544690031846,0.23388490801933606,0.0714801710832284,0.2088917168703472,0.015897176164757387,0.07070753207150715
2026-09-12,Qingdao West Coast,Dalian Yingbo,0.434742044546921,0.2735842548835801,0.29167370056949904,0.07355230122737198,0.2023417327052997,0.03211221352761438,0.11043698916225066
2026-09-12,Qingdao West Coast,Henan Songshan Longmen,0.36454472178273445,0.2759627972861527,0.35949248093111286,0.0513722571975824,0.15534477958087858,0.049908882079495114,0.15209624595258492
2026-09-12,Qingdao West Coast,Liaoning Tieren,0.5044730104489354,0.2428578265669544,0.2526691629841102,0.11596479511147668,0.26998876050849724,0.028992899997367913,0.0969341450152727
2026-09-12,Qingdao West Coast,Meizhou Hakka,0.6214611891546241,0.2055192156181968,0.17301959522717883,0.19533306803100098,0.3843433703088165,0.015834201146069243,0.059304540085881374
2026-09-12,Qingdao West Coast,Qingdao Hainiu,0.5410833078269773,0.23584894012666774,0.22306775204635512,0.1345657248007775,0.30067978017561797,0.02274602339718316,0.08086667540760203
2026-09-12,Qingdao West Coast,Shandong Taishan,0.3862064889869744,0.2469974625348551,0.36679604847817054,0.0706171154706,0.18477573132530456,0.06376807650023285,0.17129949001871586
2026-09-12,Qingdao West Coast,Shanghai Port,0.34277832510441014,0.2668512842034474,0.39037039069214247,0.0480889718975707,0.14539188871743658,0.06272824655902724,0.17672319923417315
2026-09-12,Qingdao West Coast,Shanghai Shenhua,0.35004761337618195,0.24094073615734576,0.4090116504664723,0.06065107276395962,0.16288817606679537,0.08228730084542088,0.20443652679136706
2026-09-12,Qingdao West Coast,Shenzhen Xinpengcheng,0.48685784623550465,0.2534805142696876,0.2596616394948079,0.10206787394006091,0.25004458088176756,0.028439140208905277,0.09767573983436016
2026-09-12,Qingdao West Coast,Tianjin Jinmen Tiger,0.4436946999628985,0.2798372771263368,0.27646802291076483,0.073301755160615,0.20459841803533835,0.027142778737610885,0.09926327902489918
2026-09-12,Qingdao West Coast,Wuhan Three Towns,0.4665253142329849,0.23749255749311765,0.2959821282738977,0.10632961386552016,0.24761692037794186,0.043509733120100216,0.12735061051281418
2026-09-12,Qingdao West Coast,Yunnan Yukun,0.42966997974353516,0.24134291748833178,0.3289871027681333,0.0897764262072371,0.21881209555073508,0.05312278191852275,0.14809209038511112
2026-09-12,Qingdao West Coast,Zhejiang Professional,0.4233172521964801,0.24986668991950786,0.3268160578840122,0.08227720629751886,0.20886815920951105,0.04912164407087667,0.1425677552764348
2026-09-12,Shandong Taishan,Beijing Guoan,0.4018665382445866,0.21704792759152236,0.3810855341638909,0.09505133836833861,0.21488972797066194,0.08605562670425908,0.1993142202152385
2026-09-12,Shandong Taishan,Changchun Yatai,0.7167595232070061,0.17062220966649033,0.11261826712650373,0.27628891206647566,0.48743305093735395,0.0074136638757872275,0.03291714706389765
2026-09-12,Shandong Taishan,Chengdu Rongcheng,0.3539680385145661,0.22832373100633033,0.4177082304791037,0.0682815079541316,0.1725579875325607,0.09377002359782778,0.21894732734956285
2026-09-12,Shandong Taishan,Chongqing Tonglianglong,0.5964489141665799,0.22641998943725114,0.1771310963961688,0.16168256446903176,0.3459617549403362,0.013800532812091705,0.05652311295511256
2026-09-12,Shandong Taishan,Dalian Yingbo,0.5619101450702996,0.21510552813650802,0.22298432679319236,0.16348896646975894,0.3341363914927919,0.02724406660855786,0.08756394443503725
2026-09-12,Shandong Taishan,Henan Songshan Longmen,0.4791594740317688,0.2295356763312062,0.2913048496370251,0.11750356151381304,0.2626765042476178,0.04475684110187042,0.1276857738719748
2026-09-12,Shandong Taishan,Liaoning Tieren,0.642326836884205,0.17987034253230444,0.1778028205834905,0.24292698286367953,0.42912923183725277,0.02211318916240939,0.06985203371162071
2026-09-12,Shandong Taishan,Meizhou Hakka,0.7615711863318988,0.13309602679515528,0.10533278687294588,0.3764171853005769,0.5739981138221553,0.01034157559260576,0.03675315375318915
2026-09-12,Shandong Taishan,Qingdao Hainiu,0.6808006080041472,0.16809778627203464,0.15110160572381812,0.2764418572324799,0.4702029619518182,0.016728313379822356,0.056131602845607136
2026-09-12,Shandong Taishan,Qingdao West Coast,0.5704292309787445,0.21909885934405665,0.21047190967719862,0.16183232958175825,0.3360589606281827,0.02282374490645307,0.0782639412954389
2026-09-12,Shandong Taishan,Shanghai Port,0.45357620702508866,0.22617961561653374,0.32024417735837774,0.11000671155946366,0.24671152443612324,0.056456551549015535,0.14954276159703492
2026-09-12,Shandong Taishan,Shanghai Shenhua,0.466967045624334,0.20507143613262838,0.32796151824303754,0.13469929662287117,0.27342288331742914,0.07034441161318644,0.16667723132738196
2026-09-12,Shandong Taishan,Shenzhen Xinpengcheng,0.6220170161250372,0.190733821994918,0.18724916188004465,0.21791179844465644,0.40197352064483916,0.022444692788201073,0.07249971216165184
2026-09-12,Shandong Taishan,Tianjin Jinmen Tiger,0.5713951387638225,0.21787543446839924,0.21072942676777817,0.1635755737446811,0.3379238600777696,0.023147841211311405,0.07881057167142803
2026-09-12,Shandong Taishan,Wuhan Three Towns,0.6030568861017622,0.1829121011047989,0.21403101279343875,0.223956067800577,0.39795201593548607,0.03356509029801016,0.09357646618963389
2026-09-12,Shandong Taishan,Yunnan Yukun,0.5613312114526049,0.192266133577734,0.2464026549696611,0.19266437116228444,0.35699804324685747,0.04246174863986103,0.1127595653250307
2026-09-12,Shandong Taishan,Zhejiang Professional,0.5523913660032361,0.1997622522607175,0.24784638173604634,0.1787832249576615,0.34267190922493357,0.040162115689372876,0.11047733129962073
2026-09-12,Shanghai Port,Beijing Guoan,0.43056556819963465,0.23252115332000556,0.33691327848035973,0.09601416859981646,0.2254189683601877,0.05975388069811273,0.15808533938363895
2026-09-12,Shanghai Port,Changchun Yatai,0.7180171224891456,0.17986714645668453,0.10211573105416992,0.25705013140068256,0.4741948294949388,0.005044557645378316,0.026132616037065817
2026-09-12,Shanghai Port,Chengdu Rongcheng,0.3819990845133699,0.24748699542266878,0.3705139200639614,0.06887797929511207,0.18157182380908896,0.06483821195539533,0.17360750953229537
2026-09-12,Shanghai Port,Chongqing Tonglianglong,0.602433699300124,0.23900484947647313,0.15856145122340287,0.14998773928614972,0.3374689382083913,0.009218434536790374,0.044165104326167076
2026-09-12,Shanghai Port,Dalian Yingbo,0.5759071623152018,0.2258494128724326,0.1982434248123655,0.15607110798333335,0.3331461384587392,0.018500862901280814,0.06882599643153274
2026-09-12,Shanghai Port,Henan Songshan Longmen,0.4989169245888136,0.2429489362742301,0.2581341391369563,0.11394904800119152,0.26610626434711837,0.030471779809654632,0.10035611649410725
2026-09-12,Shanghai Port,Liaoning Tieren,0.6546575769950609,0.18708712592817814,0.15825529707676092,0.23342278896214552,0.42791049765734274,0.015216203351045761,0.05530712477006665
2026-09-12,Shanghai Port,Meizhou Hakka,0.7667655781258614,0.1382663875496464,0.09496803432449205,0.3597906262461562,0.5670491378016437,0.007218015059187323,0.029493573574702642
2026-09-12,Shanghai Port,Qingdao Hainiu,0.6901066243074623,0.17481709821360364,0.13507627747893408,0.2641942570795589,0.46628412297843236,0.011528950517347567,0.04457178612864984
2026-09-12,Shanghai Port,Qingdao West Coast,0.5821644647915112,0.2303533550249815,0.18748218018350749,0.15317367313751779,0.33291271686104923,0.015422465242218079,0.06140782036923726
2026-09-12,Shanghai Port,Shandong Taishan,0.5331396825043501,0.21414927676801682,0.25271104072763295,0.1537247722082481,0.3147077877150181,0.036926915228751724,0.10778923995758696
2026-09-12,Shanghai Port,Shanghai Shenhua,0.494313216801773,0.21665836987727718,0.2890284133209499,0.13531717230336213,0.2842151745254336,0.04890585759720198,0.13204005937810073
2026-09-12,Shanghai Port,Shenzhen Xinpengcheng,0.6342623821984986,0.19900246271903535,0.1667351550824662,0.2085222739734466,0.40016096339139595,0.015367123296200182,0.05726907399523697
2026-09-12,Shanghai Port,Tianjin Jinmen Tiger,0.5833299253091967,0.22898627913753195,0.1876837955532712,0.15498123561585317,0.3349835306892077,0.015654141994490577,0.06185943860915379
2026-09-12,Shanghai Port,Wuhan Three Towns,0.6208134873091503,0.1899515281266263,0.18923498456422336,0.218786635888682,0.40209080472198433,0.023224078887857536,0.07405566812828174
2026-09-12,Shanghai Port,Yunnan Yukun,0.5820999552180373,0.20044243883641114,0.2174576059455516,0.18952568844600948,0.3633429433558167,0.02938193781922876,0.08916457385659328
2026-09-12,Shanghai Port,Zhejiang Professional,0.5720481892187071,0.20882153846793441,0.21913027231335844,0.17478413715079702,0.3475027057295862,0.02766674556170873,0.08724753744482544
2026-09-12,Shanghai Shenhua,Beijing Guoan,0.44994181859576293,0.210359496648624,0.3396986847556133,0.12188315280016465,0.2561541170814132,0.07237528100921696,0.17242175446727823
2026-09-12,Shanghai Shenhua,Changchun Yatai,0.7592298373631633,0.1485060803714553,0.09226408226538131,0.3305955956244842,0.5449448343610701,0.005725715516382148,0.026137778104221916
2026-09-12,Shanghai Shenhua,Chengdu Rongcheng,0.3977549126727604,0.22413134458525288,0.3781137427419866,0.08841136093014763,0.2070934302604897,0.08030740786819666,0.19263044017037342
2026-09-12,Shanghai Shenhua,Chongqing Tonglianglong,0.641511199003374,0.2063780849605382,0.15211071603608767,0.19940475092544774,0.3959819597431032,0.011210378499674621,0.04714051100283649
2026-09-12,Shanghai Shenhua,Dalian Yingbo,0.6101549412519558,0.1981402831924409,0.19170477555560336,0.20260108308657682,0.38528674350533937,0.02208583057623212,0.07299659880987926
2026-09-12,Shanghai Shenhua,Henan Songshan Longmen,0.5268931840441814,0.21699461151864985,0.25611220443716864,0.14818413516036705,0.30760161317335005,0.037151166153629143,0.10894725850715035
2026-09-12,Shanghai Shenhua,Liaoning Tieren,0.6913900426649651,0.1607644159024037,0.1478455414326314,0.29494961454770063,0.48753703428356776,0.017267703907348983,0.05619546021839367
2026-09-12,Shanghai Shenhua,Meizhou Hakka,0.8044102819989468,0.11255358820390039,0.08303612979715275,0.44174365428749823,0.6348137011974601,0.007631555652758183,0.02797894565691404
2026-09-12,Shanghai Shenhua,Qingdao Hainiu,0.7281283407836974,0.14793889233307056,0.12393276688323214,0.33241873201224015,0.5298205447386065,0.012879185170601734,0.04452829436874188
2026-09-12,Shanghai Shenhua,Qingdao West Coast,0.617712110404748,0.201300595106145,0.18098729448910691,0.20031185356867318,0.3867166591306499,0.0185239660922231,0.06528798232996892
2026-09-12,Shanghai Shenhua,Shandong Taishan,0.5613981991152169,0.1910365814595041,0.24756521942527865,0.19442618701565248,0.35834062045333154,0.04340852946327937,0.11415912743193016
2026-09-12,Shanghai Shenhua,Shanghai Port,0.5016214163228798,0.21555443516229378,0.282824148514826,0.1394577889346687,0.2905328513899125,0.04705733793793046,0.12816068984312132
2026-09-12,Shanghai Shenhua,Shenzhen Xinpengcheng,0.6707752353193593,0.1719332024951006,0.15729156218553975,0.2660999907246176,0.4584274553144924,0.017731621964686656,0.058966995794957434
2026-09-12,Shanghai Shenhua,Tianjin Jinmen Tiger,0.6188130480267877,0.20010654127810143,0.18108041069511088,0.20240493301651777,0.38881727970369834,0.018770261004023566,0.06569112213154728
2026-09-12,Shanghai Shenhua,Wuhan Three Towns,0.6548142419267883,0.16574034878351357,0.17944540928969815,0.2742436159751357,0.4561998298693612,0.026399024403384874,0.07587630456213264
2026-09-12,Shanghai Shenhua,Yunnan Yukun,0.6137028784631714,0.17689462219403232,0.20940249934279628,0.2383068733653739,0.4127958723202642,0.03388079389031327,0.09272826513051824
2026-09-12,Shanghai Shenhua,Zhejiang Professional,0.603681325682747,0.18444262812878098,0.21187604618847192,0.22168837990450196,0.39661466824514563,0.03227685636216392,0.09144662927329539
2026-09-12,Shenzhen Xinpengcheng,Beijing Guoan,0.279057300837114,0.22317623502272177,0.4977664641401644,0.042846737216433596,0.12207373080677322,0.1304871103169041,0.28122855184774365
2026-09-12,Shenzhen Xinpengcheng,Changchun Yatai,0.5835849934667043,0.23376264566539148,0.18265236086790412,0.15004903698693234,0.3305866485597476,0.013993084045591303,0.057893885571329164
2026-09-12,Shenzhen Xinpengcheng,Chengdu Rongcheng,0.24443869510149618,0.22882246717741728,0.5267388377210868,0.030100732146118962,0.0966292479618387,0.1361781714092758,0.2969579236658941
2026-09-12,Shenzhen Xinpengcheng,Chongqing Tonglianglong,0.46645758125037834,0.27755442427964894,0.2559879944699729,0.08121830127576983,0.22064652490335082,0.022980432205251748,0.0880557293509756
2026-09-12,Shenzhen Xinpengcheng,Dalian Yingbo,0.4260544816225329,0.2540795834715852,0.3198659349058819,0.08084160919117414,0.2081358029878601,0.04545125481193284,0.1360356933546858
2026-09-12,Shenzhen Xinpengcheng,Henan Songshan Longmen,0.35105993352270193,0.2537575163608832,0.39518255011641484,0.055509172352618284,0.15704553655410008,0.07035499008222983,0.18712364901379125
2026-09-12,Shenzhen Xinpengcheng,Liaoning Tieren,0.4967151743782464,0.22727024684162989,0.27601457878012375,0.12631994695079105,0.2770757842903935,0.04040683456941025,0.1182186246630891
2026-09-12,Shenzhen Xinpengcheng,Meizhou Hakka,0.6205001247725562,0.19288099785691962,0.18661887737052407,0.21399718763152542,0.39839395950231543,0.021775548743720435,0.07139899616800559
2026-09-12,Shenzhen Xinpengcheng,Qingdao Hainiu,0.5361829129346944,0.2210072082636187,0.24280987880168686,0.14749861207541096,0.31054124546636896,0.031684073875398476,0.09843408564271083
2026-09-12,Shenzhen Xinpengcheng,Qingdao West Coast,0.43646170851875526,0.2613451241560394,0.3021931673252051,0.08035761836112573,0.21074546476722492,0.03800606176172413,0.12153397304534047
2026-09-12,Shenzhen Xinpengcheng,Shandong Taishan,0.36897916692371396,0.22793413890255645,0.4030866941737293,0.07438825733051736,0.18364817233122585,0.08809319806836666,0.20851734740020347
2026-09-12,Shenzhen Xinpengcheng,Shanghai Port,0.32669850228530634,0.24422418134573376,0.42907731636896,0.05120804722178705,0.14513624994097032,0.08773897777962276,0.21649923759936712
2026-09-12,Shenzhen Xinpengcheng,Shanghai Shenhua,0.3299292338336705,0.2205593131584002,0.4495114530079294,0.06284097309874966,0.1594609976494353,0.11287945830114277,0.2479545886196145
2026-09-12,Shenzhen Xinpengcheng,Tianjin Jinmen Tiger,0.4369873231103363,0.25998335982424425,0.3030293170654195,0.08127747587911574,0.21193858252117087,0.038625912006443365,0.12260621621695623
2026-09-12,Shenzhen Xinpengcheng,Wuhan Three Towns,0.4536438045061891,0.22184017412630683,0.32451602136750407,0.11356371556792887,0.250039514678884,0.06009522371507478,0.1548572597215997
2026-09-12,Shenzhen Xinpengcheng,Yunnan Yukun,0.4143699358804894,0.22436652133498627,0.36126354278452427,0.09516027078106337,0.21919489744188664,0.073322829241567,0.18014035375425438
2026-09-12,Shenzhen Xinpengcheng,Zhejiang Professional,0.4091967586101228,0.23200701988836295,0.3587962215015144,0.08789452483025163,0.2102983309133752,0.0682189760796996,0.1739444290428924
2026-09-12,Tianjin Jinmen Tiger,Beijing Guoan,0.30035221069039975,0.24569336414385276,0.4539544251657476,0.04216679671002113,0.12673842587859183,0.09587049220509368,0.23293389642394224
2026-09-12,Tianjin Jinmen Tiger,Changchun Yatai,0.5820198127426719,0.24930881256347984,0.16867137469384835,0.13483622687104102,0.3154776464299738,0.009947888334019635,0.04736406639587872
2026-09-12,Tianjin Jinmen Tiger,Chengdu Rongcheng,0.26461078269916705,0.25436391635413363,0.4810253009466991,0.029530097131498147,0.10043747329127839,0.09950918450743426,0.24547537198751238
2026-09-12,Tianjin Jinmen Tiger,Chongqing Tonglianglong,0.4692306292597568,0.29696084923869953,0.2338085215015438,0.0728212088990168,0.21114869308257433,0.016088262005144467,0.07108175092227437
2026-09-12,Tianjin Jinmen Tiger,Dalian Yingbo,0.43637528593512326,0.2720019922234728,0.29162272184140386,0.07482669712143586,0.2043279640268723,0.032462747737854104,0.11096034226462276
2026-09-12,Tianjin Jinmen Tiger,Henan Songshan Longmen,0.36578343252935586,0.2744816042490732,0.359734963221571,0.05225279342527629,0.15682934949606117,0.05048320507722876,0.15292480416698928
2026-09-12,Tianjin Jinmen Tiger,Liaoning Tieren,0.5063460770199925,0.2413426263295447,0.25231129665046265,0.11783759351548619,0.272464780652595,0.02925135841230949,0.09723343935640699
2026-09-12,Tianjin Jinmen Tiger,Meizhou Hakka,0.623728875966817,0.20390180387339357,0.17236932015978895,0.198294418985042,0.38765618049663636,0.01593522611831995,0.05934257206251331
2026-09-12,Tianjin Jinmen Tiger,Qingdao Hainiu,0.5431188330842285,0.23426797284103276,0.22261319407473862,0.13673133265886775,0.30343401619434673,0.022937554552459452,0.08107153841758917
2026-09-12,Tianjin Jinmen Tiger,Qingdao West Coast,0.44468511145638373,0.279679514482462,0.27563537406115407,0.07367063436117707,0.2053280665969761,0.02698141009221542,0.09882321243956001
2026-09-12,Tianjin Jinmen Tiger,Shandong Taishan,0.3874413234696686,0.2457046603177787,0.3668540162125527,0.07172318660881219,0.18638035003227382,0.06439447615461226,0.1720388290894538
2026-09-12,Tianjin Jinmen Tiger,Shanghai Port,0.34385540790696534,0.2654507418373145,0.3906938502557202,0.04888858087064908,0.14672438187425213,0.06343499347367301,0.17767572263191572
2026-09-12,Tianjin Jinmen Tiger,Shanghai Shenhua,0.3510611609135682,0.23971758688502204,0.40922125220140965,0.06157441159573587,0.1642426581868852,0.08309699968186629,0.20535624935048188
2026-09-12,Tianjin Jinmen Tiger,Shenzhen Xinpengcheng,0.4886878107513932,0.2519256592919589,0.25938652995664774,0.10376350655129044,0.2524035606240809,0.02871228842631149,0.09802958629903175
2026-09-12,Tianjin Jinmen Tiger,Wuhan Three Towns,0.4681637640161594,0.2361320328844725,0.2957042030993681,0.10798019524145329,0.24978609393237677,0.04388880072824025,0.12775951915524558
2026-09-12,Tianjin Jinmen Tiger,Yunnan Yukun,0.43112214687583944,0.24002938169690385,0.3288484714272568,0.09117023901491297,0.22071574198416932,0.053609413730735946,0.14863908700882056
2026-09-12,Tianjin Jinmen Tiger,Zhejiang Professional,0.4247710668491511,0.24849846032124764,0.3267304728296014,0.0835923544989717,0.21073975444823273,0.04959809748649759,0.143145007202642
2026-09-12,Wuhan Three Towns,Beijing Guoan,0.31973308405240186,0.21009431833270156,0.4701725976148967,0.0640706089459857,0.15769701865708483,0.13124817124647253,0.2717065208800853
2026-09-12,Wuhan Three Towns,Changchun Yatai,0.6504965432272959,0.19559317516019004,0.15391028161251413,0.2180682937062268,0.41454216221245194,0.012922136307755036,0.05059245173006276
2026-09-12,Wuhan Three Towns,Chengdu Rongcheng,0.2792131079011344,0.2161613900201776,0.5046255020786881,0.045500977039399405,0.1253313718765435,0.1400880279452604,0.2922063411414376
2026-09-12,Wuhan Three Towns,Chongqing Tonglianglong,0.5266749450201608,0.2439941897870971,0.2293308651927423,0.12259366498645216,0.28413681000285,0.02274981913525054,0.08219870264968467
2026-09-12,Wuhan Three Towns,Dalian Yingbo,0.4833509704364702,0.22793295817186418,0.28871607139166555,0.12051066356003899,0.266955023700305,0.044453367027565714,0.12662224492150798
2026-09-12,Wuhan Three Towns,Henan Songshan Longmen,0.4001688656777997,0.2332188386786255,0.3666122956435748,0.08357241170426621,0.20298997188048157,0.07056675752521231,0.17885033150547908
2026-09-12,Wuhan Three Towns,Liaoning Tieren,0.5608922357273494,0.19903319301672778,0.2400745712559227,0.1832216292617834,0.34962869299162597,0.03757844359788359,0.10530090436610062
2026-09-12,Wuhan Three Towns,Meizhou Hakka,0.6896506595667683,0.15885582853099203,0.15149351190223956,0.2989578636043501,0.4892391975436248,0.01880032486540998,0.059175973197980555
2026-09-12,Wuhan Three Towns,Qingdao Hainiu,0.6025665603613944,0.19012390033687654,0.20730953930172905,0.2122053954983097,0.3892404176832188,0.028958619387775313,0.08610635917063196
2026-09-12,Wuhan Three Towns,Qingdao West Coast,0.49444324278285806,0.23321320462417633,0.27234355259296583,0.1202643430865235,0.27064449050581646,0.037329448993961005,0.11328765849964846
2026-09-12,Wuhan Three Towns,Shandong Taishan,0.4218703837071988,0.20957427504618054,0.3685553412466206,0.10975484930512018,0.2353464736272591,0.0855280855708621,0.1946729007207703
2026-09-12,Wuhan Three Towns,Shanghai Port,0.37308482402025966,0.2263704702801423,0.40054470569959816,0.07692719421836205,0.1875748529191594,0.08808268784844027,0.20767899342665813
2026-09-12,Wuhan Three Towns,Shanghai Shenhua,0.37839448376242885,0.20542834176508634,0.41617717447248476,0.09288974549695318,0.20490301894962987,0.11055634387094135,0.23402804859485954
2026-09-12,Wuhan Three Towns,Shenzhen Xinpengcheng,0.5418792568922669,0.20855515368382907,0.24956558942390403,0.16359481155857286,0.32631696062819987,0.03769340697874136,0.10793669228488102
2026-09-12,Wuhan Three Towns,Tianjin Jinmen Tiger,0.49505956407483853,0.2320135091296601,0.2729269267955014,0.12151920490049639,0.27204131197044135,0.03788154161604576,0.11416337173938373
2026-09-12,Wuhan Three Towns,Yunnan Yukun,0.47252938585028453,0.20330906916802474,0.324161544981691,0.13906472331591885,0.2791666012753624,0.06969077312023463,0.1648242184644217
2026-09-12,Wuhan Three Towns,Zhejiang Professional,0.466188184492172,0.21031040863950085,0.32350140686832707,0.12925585224501296,0.26851583363535453,0.06552969290028549,0.16037168523220016
2026-09-12,Yunnan Yukun,Beijing Guoan,0.35796234043183334,0.21316314293026342,0.42887451663790316,0.07856560554836518,0.18443140052487111,0.10997367377789169,0.23802498399107477
2026-09-12,Yunnan Yukun,Changchun Yatai,0.6847892342129117,0.18226731584010394,0.1329434499469843,0.24858874171629464,0.4526785097857328,0.010133449240836485,0.0416831223980074
2026-09-12,Yunnan Yukun,Chengdu Rongcheng,0.3136545672332699,0.22144176643912605,0.4649036663276041,0.056108967943864704,0.14725602215700132,0.1186183318735953,0.25865282796709466
2026-09-12,Yunnan Yukun,Chongqing Tonglianglong,0.5617645977932455,0.234477435382553,0.2037579668242017,0.14264355605899257,0.31570903868437644,0.018377966420136314,0.06972848086317071
2026-09-12,Yunnan Yukun,Dalian Yingbo,0.5219909031994425,0.22119437444292883,0.2568147223576285,0.14191809814733294,0.30031983072302887,0.03605922782223783,0.10771873300492671
2026-09-12,Yunnan Yukun,Henan Songshan Longmen,0.4380847289348985,0.23101380111158967,0.3309014699535119,0.1000720970053196,0.23191497849777837,0.0582283303307408,0.15461794539266113
2026-09-12,Yunnan Yukun,Liaoning Tieren,0.601590611535573,0.18924983138325066,0.20915955708117623,0.21321538487518663,0.3895561256459434,0.029839516304858926,0.08770143165992669
2026-09-12,Yunnan Yukun,Meizhou Hakka,0.7268520595844915,0.14542559127044266,0.1277223491450659,0.33907055302877614,0.5331984608127908,0.0144117487203701,0.0476233998874208
2026-09-12,Yunnan Yukun,Qingdao Hainiu,0.6421311526170664,0.17878176358713724,0.17908708379579638,0.24485778811734246,0.43039054763362955,0.02277667415152361,0.07106472160813901
2026-09-12,Yunnan Yukun,Qingdao West Coast,0.5320332757920809,0.2257218631767032,0.24224486103121592,0.14113939459482125,0.3033778873405749,0.030253453449888473,0.0963254282788359
2026-09-12,Yunnan Yukun,Shandong Taishan,0.46396501831203174,0.20674944207828758,0.32928553960968077,0.13166562760175493,0.26974059507878434,0.06995967904855652,0.16670646673644968
2026-09-12,Yunnan Yukun,Shanghai Port,0.41132558431342914,0.22593094432485636,0.3627434713617144,0.09280797326139148,0.2158894389596,0.0730359906892475,0.18029835530296004
2026-09-12,Yunnan Yukun,Shanghai Shenhua,0.4202871402550566,0.20519822927001494,0.37451463047492833,0.11268578664561832,0.23737197343639657,0.0912603104707318,0.20207452451118788
2026-09-12,Yunnan Yukun,Shenzhen Xinpengcheng,0.5818016996185752,0.19939258771126062,0.2188057126701642,0.19087047472172808,0.36426086472287794,0.030118552157872375,0.09046647683652256
2026-09-12,Yunnan Yukun,Tianjin Jinmen Tiger,0.5328126901421125,0.22452608303956015,0.24266122681832722,0.14262544543010536,0.30499073408494204,0.03069029214000808,0.09703299724449778
2026-09-12,Yunnan Yukun,Wuhan Three Towns,0.5585690658878237,0.19052488498362666,0.2509060491285496,0.19392627409445473,0.3567657668316806,0.04494985153451451,0.1168297332141613
2026-09-12,Yunnan Yukun,Zhejiang Professional,0.5081083233841281,0.2050015002283113,0.28689017638756065,0.15344777758549508,0.30472778096271674,0.05311398424916413,0.1361822288997881
2026-09-12,Zhejiang Professional,Beijing Guoan,0.3560154136886197,0.22035285924010253,0.4236317270712777,0.07347027119812836,0.17865998171676128,0.1020067636525837,0.22886438277776391
2026-09-12,Zhejiang Professional,Changchun Yatai,0.6728932482364424,0.1919100531939508,0.13519669856960667,0.22903137615325284,0.4327533952898056,0.009519322467754414,0.04091909754742283
2026-09-12,Zhejiang Professional,Chengdu Rongcheng,0.3126285605054444,0.229257695472815,0.4581137440217406,0.05233644322438592,0.14262718867286467,0.10939968732742511,0.2477087274400571
2026-09-12,Zhejiang Professional,Chongqing Tonglianglong,0.5517132186675776,0.24435026218804856,0.20393651914437372,0.1303368680906093,0.30042746180003765,0.016941722131561473,0.0672604405040307
2026-09-12,Zhejiang Professional,Dalian Yingbo,0.5141938867487745,0.22950085177225962,0.2563052614789657,0.1309295612793127,0.2876035992803997,0.03345742593804663,0.10412592170777345
2026-09-12,Zhejiang Professional,Henan Songshan Longmen,0.4328665415633944,0.2390054001175705,0.3281280583190351,0.09250266631704238,0.22264339716052306,0.05378039165952468,0.14864445739714116
2026-09-12,Zhejiang Professional,Liaoning Tieren,0.5924651841437546,0.19704994734744566,0.21048486850879988,0.19811629687000426,0.3743257443739296,0.028066418151905064,0.08571442112972974
2026-09-12,Zhejiang Professional,Meizhou Hakka,0.7158551859165889,0.15334179263793232,0.1308030214454789,0.31701410298255783,0.5139102460444891,0.013812379955428812,0.04739809784198062
2026-09-12,Zhejiang Professional,Qingdao Hainiu,0.6320905139100942,0.18681053619943483,0.18109894989047104,0.2275791816480145,0.4135300810484753,0.021508320746638877,0.06976220265512502
2026-09-12,Zhejiang Professional,Qingdao West Coast,0.5236270682686192,0.23444790944942995,0.2419250222819512,0.12983022640918498,0.28998164614321875,0.02801226374838315,0.09304156847342998
2026-09-12,Zhejiang Professional,Shandong Taishan,0.4589108184029169,0.21374454143075036,0.3273446401663327,0.12283789816015964,0.26026186442528576,0.0653016234773631,0.16130776505481842
2026-09-12,Zhejiang Professional,Shanghai Port,0.4072254686523355,0.2335941743837263,0.3591803569639384,0.08610385889408471,0.2078414060358049,0.0675472074566255,0.173324923972636
2026-09-12,Zhejiang Professional,Shanghai Shenhua,0.4167418732251401,0.21197069932961984,0.3712874274452401,0.10548266434959695,0.22968964154399021,0.08514571032600705,0.19520787563700634
2026-09-12,Zhejiang Professional,Shenzhen Xinpengcheng,0.5728705654582334,0.20743311448892274,0.21969632005284379,0.17684635948144253,0.34950490426373604,0.028199860020241174,0.08811551694169197
2026-09-12,Zhejiang Professional,Tianjin Jinmen Tiger,0.5244375167162822,0.23319473053035059,0.24236775275336744,0.13125683964712542,0.29160206594976906,0.028431106611433245,0.0937548335381858
2026-09-12,Zhejiang Professional,Wuhan Three Towns,0.5509472996003011,0.19765135993214905,0.25140134046754986,0.18094185301858506,0.34374817588580503,0.042290697532882796,0.11394360427548297
2026-09-12,Zhejiang Professional,Yunnan Yukun,0.5092598261048278,0.20482897254753832,0.2859112013476339,0.15414897192645804,0.3057495788016533,0.052799598813569416,0.1355527067551367
