event_id,commence_time,api_home_team,api_away_team,home_team,away_team,home_odds,draw_odds,away_odds,bookmaker,market,regions,last_update,fetched_at,fetched_at_london,snapshot_type,target_round,capture_reason,polymarket_event_id,match_date
mexlmx-20260510-guadalajara-vs-tigres-uanl,2026-05-10T01:07:00Z,Guadalajara,Tigres UANL,Guadalajara,Tigres UANL,1.98,3.6,3.7,betano,h2h,,,2026-05-03T01:14:00Z,2026-05-03T02:14:00,open,Quarterfinals,manual backfill,mex-gua-tig-2026-05-09,2026-05-10
mexlmx-20260511-pachuca-vs-toluca,2026-05-10T23:00:00Z,Pachuca,Toluca,Pachuca,Toluca,3,3.6,2.27,betano,h2h,,,2026-05-04T01:42:00Z,2026-05-04T02:42:00,open,Quarterfinals,manual backfill,mex-pac-tol-2026-05-10,2026-05-11
mexlmx-20260511-unam-pumas-vs-club-america,2026-05-11T01:15:00Z,UNAM Pumas,Club America,UNAM Pumas,Club America,3,3.5,2.32,betano,h2h,,,2026-05-04T01:42:00Z,2026-05-04T02:42:00,open,Quarterfinals,manual backfill,mex-pum-ame-2026-05-10,2026-05-11
mexlmx-20260514-cruz-azul-vs-guadalajara,2026-05-14T02:00:00Z,Cruz Azul,Guadalajara,Cruz Azul,Guadalajara,2.1,3.55,3.35,betano,h2h,,,2026-05-11T19:01:00Z,2026-05-11T20:01:00,open,Semifinals,manual backfill,mex-caz-gua-2026-05-13,2026-05-14
mexlmx-20260515-pachuca-vs-unam-pumas,2026-05-15T01:00:00Z,Pachuca,UNAM Pumas,Pachuca,UNAM Pumas,2.15,3.4,3.3,betano,h2h,,,2026-05-11T19:01:00Z,2026-05-11T20:01:00,open,Semifinals,manual backfill,mex-pac-pum-2026-05-14,2026-05-15
mexlmx-20260517-guadalajara-vs-cruz-azul,,,,Guadalajara,Cruz Azul,2.07,3.45,3.65,betano,h2h,,,2026-05-14T04:12:00Z,2026-05-14T05:12:00,open,Semifinals,manual backfill,,2026-05-17
mexlmx-20260518-unam-pumas-vs-pachuca,,,,UNAM Pumas,Pachuca,1.98,3.8,3.55,betano,h2h,,,2026-05-15T15:53:00Z,2026-05-15T16:53:00,open,Semifinals,manual backfill,,2026-05-18
mexlmx-20260522-cruz-azul-vs-unam-pumas,,,,Cruz Azul,UNAM Pumas,1.72,4,4.35,betano,h2h,,,2026-05-18T16:50:00Z,2026-05-18T17:50:00,open,Final,manual backfill,,2026-05-22
mexlmx-20260525-unam-pumas-vs-cruz-azul,,,,UNAM Pumas,Cruz Azul,2.47,3.3,2.92,betano,h2h,,,2026-05-22T16:20:00Z,2026-05-22T17:20:00,open,Final,manual backfill,,2026-05-25
mexlmx-20260716-tijuana-vs-tigres-uanl,2026-07-17T03:10:00Z,Tijuana,Tigres UANL,Tijuana,Tigres UANL,3.25,3.4,2.22,betano,h2h,,,2026-07-05T13:03:00Z,2026-07-05T14:03:00,open,1,manual backfill,mex-tij-tig-2026-07-16,2026-07-16
mexlmx-20260716-necaxa-vs-atlante,2026-07-17T01:00:00Z,Necaxa,Atlante,Necaxa,Atlante,1.82,3.9,4.1,betano,h2h,,,2026-07-05T13:03:00Z,2026-07-05T14:03:00,open,1,manual backfill,mex-nec-atla-2026-07-16,2026-07-16
mexlmx-20260717-atletico-san-luis-vs-cruz-azul,2026-07-18T01:00:00Z,Atletico San Luis,Cruz Azul,Atletico San Luis,Cruz Azul,4.1,3.65,1.87,betano,h2h,,,2026-07-05T13:03:00Z,2026-07-05T14:03:00,open,1,manual backfill,mex-asl-caz-2026-07-17,2026-07-17
mexlmx-20260717-fc-juarez-vs-puebla,2026-07-18T03:00:00Z,FC Juarez,Puebla,FC Juarez,Puebla,1.78,3.8,4.5,betano,h2h,,,2026-07-05T13:03:00Z,2026-07-05T14:03:00,open,1,manual backfill,mex-jua-pue-2026-07-17,2026-07-17
mexlmx-20260718-guadalajara-vs-toluca,2026-07-19T01:07:00Z,Guadalajara,Toluca,Guadalajara,Toluca,2.27,3.55,3.05,betano,h2h,,,2026-07-05T13:03:00Z,2026-07-05T14:03:00,open,1,manual backfill,mex-gua-tol-2026-07-18,2026-07-18
mexlmx-20260718-monterrey-vs-santos-laguna,2026-07-19T01:05:00Z,Monterrey,Santos Laguna,Monterrey,Santos Laguna,1.6,4.35,5.1,betano,h2h,,,2026-07-05T13:03:00Z,2026-07-05T14:03:00,open,1,manual backfill,mex-mon1-san-2026-07-18,2026-07-18
mexlmx-20260718-unam-pumas-vs-pachuca,2026-07-18T23:00:00Z,UNAM Pumas,Pachuca,UNAM Pumas,Pachuca,2.37,3.45,2.95,betano,h2h,,,2026-07-05T13:01:00Z,2026-07-05T14:01:00,open,1,manual backfill,mex-pum-pac-2026-07-18,2026-07-18
mexlmx-20260721-cruz-azul-vs-puebla,2026-07-22T01:00:00Z,Cruz Azul,Puebla,Cruz Azul,Puebla,1.42,4.85,7.4,betano,h2h,,,2026-07-12T21:15:00Z,2026-07-12T22:15:00,open,2,manual backfill,mex-caz-pue-2026-07-21,2026-07-21
mexlmx-20260721-toluca-vs-unam-pumas,2026-07-22T03:05:00Z,Toluca,UNAM Pumas,Toluca,UNAM Pumas,1.72,4,4.6,betano,h2h,,,2026-07-12T21:15:00Z,2026-07-12T22:15:00,open,2,manual backfill,mex-tol-pum-2026-07-21,2026-07-21
mexlmx-20260724-tijuana-vs-leon,2026-07-25T03:00:00Z,Tijuana,León,Tijuana,Leon,2.15,3.6,3.3,betano,h2h,,,2026-07-12T22:11:00Z,2026-07-12T23:11:00,open,2,manual backfill,mex-tij-leo-2026-07-24,2026-07-24
mexlmx-20260724-atlante-vs-club-america,2026-07-25T03:00:00Z,Atlante FC,América,Atlante,Club America,4.6,3.65,1.8,betano,h2h,,,2026-07-12T22:11:00Z,2026-07-12T23:11:00,open,2,manual backfill,mex-atla-ame-2026-07-24,2026-07-24
mexlmx-20260725-santos-laguna-vs-atlas,2026-07-26T03:00:00Z,Guadalajara,FC Juarez,Guadalajara,FC Juarez,1.67,4.15,4.7,betano,h2h,,,2026-07-12T21:15:00Z,2026-07-12T22:15:00,open,2,manual backfill,mex-san-atl-2026-07-25,2026-07-25
mexlmx-20260725-tigres-uanl-vs-atletico-san-luis,2026-07-26T03:00:00Z,Tigres,Atlético San Luis,Tigres UANL,Atletico San Luis,1.39,4.85,8,betano,h2h,,,2026-07-12T21:15:00Z,2026-07-12T22:15:00,open,2,manual backfill,mex-tig-asl-2026-07-24,2026-07-25
mexlmx-20260726-necaxa-vs-monterrey,2026-07-26T23:00:00Z,Necaxa,Monterrey,Necaxa,Monterrey,2.72,3.6,2.47,betano,h2h,,,2026-07-12T19:14:00Z,2026-07-12T20:14:00,open,2,manual backfill,mex-nec-mon1-2026-07-26,2026-07-26
mexlmx-20260731-atletico-san-luis-vs-tijuana,,,,Atletico San Luis,Tijuana,2.27,3.5,3.1,betano,h2h,,,2026-07-20T17:30:00Z,2026-07-20T18:30:00,open,3,manual backfill,,2026-07-31
mexlmx-20260731-puebla-vs-guadalajara,,,,Puebla,Guadalajara,3.7,3.65,1.98,betano,h2h,,,2026-07-20T17:45:00Z,2026-07-20T18:45:00,open,3,manual backfill,,2026-07-31
mexlmx-20260731-fc-juarez-vs-unam-pumas,,,,FC Juarez,UNAM Pumas,2.62,3.5,2.62,betano,h2h,,,2026-07-20T15:51:00Z,2026-07-20T16:51:00,open,3,manual backfill,,2026-07-31
mexlmx-20260801-leon-vs-pachuca,,,,Leon,Pachuca,2.95,3.45,2.37,betano,h2h,,,2026-07-20T17:40:00Z,2026-07-20T18:40:00,open,3,manual backfill,,2026-08-01
mexlmx-20260801-cruz-azul-vs-atlante,,,,Cruz Azul,Atlante,1.38,4.9,8.25,betano,h2h,,,2026-07-20T17:38:08Z,2026-07-20T18:38:08,open,3,manual backfill,,2026-08-01
