fixture_id,match_date,match_time,home_team,away_team,home_win_prob,draw_prob,away_win_prob,debias_method,onexbet_open_home_odds,onexbet_open_draw_odds,onexbet_open_away_odds,onexbet_open_home_ev,onexbet_open_draw_ev,onexbet_open_away_ev,onexbet_open_last_update,signal_pick,signal_state,fetched_at
CSL-2026-22-2026-08-07-beijing-guoan-shenzhen-xinpengcheng,2026-08-07,11:35,Beijing Guoan,Shenzhen Xinpengcheng,0.7382360303053297,0.16503408876552858,0.09672988092914159,market_anchor,1.39,5.39,6.92,0.026148082124408223,-0.11046626155380102,-0.3306292239703402,2026-08-02T12:22:34Z,,,2026-08-07T09:18:13Z
CSL-2026-22-2026-08-08-qingdao-hainiu-shanghai-shenhua,2026-08-08,11:00,Qingdao Hainiu,Shanghai Shenhua,0.24443447892737832,0.2401932290406784,0.5153722920319433,market_anchor,3.6,4.02,1.92,-0.12003587586143805,-0.03442321925647285,-0.010485199298668757,2026-08-02T12:11:53Z,,,2026-08-07T09:18:13Z
CSL-2026-22-2026-08-08-dalian-yingbo-liaoning-tieren,2026-08-08,11:35,Dalian Yingbo,Liaoning Tieren,0.5285935365075147,0.20311850976131898,0.2682879537311663,market_anchor,1.59,4.58,5.04,-0.1595362769530515,-0.06971722529315905,0.35217128680507814,2026-08-02T11:36:39Z,away,bet,2026-08-07T09:18:13Z
CSL-2026-22-2026-08-08-zhejiang-professional-wuhan-three-towns,2026-08-08,11:35,Zhejiang Professional,Wuhan Three Towns,0.5567978617614716,0.22501860942814875,0.21818352881037964,market_anchor,1.71,4.28,4.38,-0.0478756563878836,-0.036920351647523275,-0.04435614381053721,2026-08-01T14:08:20Z,,,2026-08-07T09:18:13Z
CSL-2026-22-2026-08-08-yunnan-yukun-chengdu-rongcheng,2026-08-08,12:00,Yunnan Yukun,Chengdu Rongcheng,0.23557111500817,0.24041597870094913,0.5240129062908808,market_anchor,3.46,4.04,1.96,-0.1849239420717318,-0.028719446048165453,0.02706529633012633,2026-08-01T14:08:20Z,,,2026-08-07T09:18:13Z
CSL-2026-22-2026-08-09-henan-songshan-longmen-qingdao-west-coast,2026-08-09,11:00,Henan Songshan Longmen,Qingdao West Coast,0.5647969408455769,0.21768086158998365,0.21752219756443938,market_anchor,1.63,3.96,5.58,-0.07938098642170976,-0.13798378810366474,0.21377386240957175,2026-08-02T11:30:21Z,away,bet,2026-08-07T09:18:13Z
CSL-2026-22-2026-08-09-chongqing-tonglianglong-shanghai-port,2026-08-09,11:35,Chongqing Tonglianglong,Shanghai Port,0.2920157967292603,0.2810523878954273,0.4269318153753124,market_anchor,3.35,3.56,2.14,-0.02174708095697797,0.0005465009077212368,-0.08636591509683145,2026-08-02T12:22:34Z,,,2026-08-07T09:18:13Z
CSL-2026-22-2026-08-09-shandong-taishan-tianjin-jinmen-tiger,2026-08-09,12:00,Shandong Taishan,Tianjin Jinmen Tiger,0.5700529254761603,0.23698105328427665,0.1929660212395631,market_anchor,1.73,4.07,4.47,-0.013808438926242728,-0.03548711313299391,-0.137441885059153,2026-08-02T13:26:46Z,,,2026-08-07T09:18:13Z
CSL-2026-23-2026-08-15-shanghai-shenhua-henan-songshan-longmen,2026-08-15,12:00,Shanghai Shenhua,Henan Songshan Longmen,0.5683172656920203,0.21202132373463786,0.21966141057334188,delta,2.035,3.94,3.22,0.1565256356832614,-0.16463598448552685,-0.2926902579538391,2026-07-28T11:17:41.867Z,,,
