Date,Home Team,Away Team,Home Win Probability,Draw Probability,Away Win Probability,Home -1 Handicap,Home -2 Handicap,Away -1 Handicap,Away -2 Handicap
2026-08-23,Beijing Guoan,Changchun Yatai,0.800383464398475,0.13163545954797096,0.06798107605355407,0.5932965646368745,0.372664091991642,0.016661102289230935,0.0031111729437839006
2026-08-23,Beijing Guoan,Chengdu Rongcheng,0.42531147008231374,0.23363902667788955,0.3410495032397967,0.2208606329682452,0.09317542307559007,0.16042151036727384,0.06075874792288549
2026-08-23,Beijing Guoan,Chongqing Tonglianglong,0.6687823448708733,0.20287999124974979,0.12833766387937692,0.4163982009100189,0.21046537293360704,0.035321861087975324,0.007350414503983152
2026-08-23,Beijing Guoan,Dalian Yingbo,0.6641133103043818,0.1857007313741866,0.15018595832143158,0.4356278739377794,0.23813589548732414,0.050825435833388194,0.013478055286371088
2026-08-23,Beijing Guoan,Henan Songshan Longmen,0.5840437974405763,0.20853246020693292,0.20742374235249075,0.3560999393864514,0.1793924794071713,0.07972834763151614,0.024272216898200066
2026-08-23,Beijing Guoan,Liaoning Tieren,0.7119236337795887,0.15948608543330497,0.12859028078710635,0.5019540272743028,0.301397941067599,0.04442767873799366,0.012205026415566901
2026-08-23,Beijing Guoan,Meizhou Hakka,0.8393682801684881,0.09934321571596362,0.0612885041155483,0.6769828264950594,0.48148542562139246,0.01808396235830113,0.004244935623574039
2026-08-23,Beijing Guoan,Qingdao Hainiu,0.7383627677984127,0.150998964541764,0.11063826765982329,0.5303781113733461,0.32475168047656905,0.03576976606206818,0.009124833467424804
2026-08-23,Beijing Guoan,Qingdao West Coast,0.662817031058309,0.19048433921505345,0.14669862972663752,0.42858946491829175,0.22942912100646606,0.04764332591483036,0.012024276512173849
2026-08-23,Beijing Guoan,Shandong Taishan,0.5894791566443354,0.1904037197888291,0.22011712356683552,0.3796021807549566,0.20685323884153708,0.09484769488594132,0.03330507309342361
2026-08-23,Beijing Guoan,Shanghai Port,0.5779143888191446,0.19953740783261065,0.22254820334824477,0.3613491247924737,0.18920930244697712,0.09295630393757219,0.031316753501200244
2026-08-23,Beijing Guoan,Shanghai Shenhua,0.5075941082732781,0.21474355031032105,0.27766234141640084,0.295622047269675,0.14276179641877185,0.12488762182622049,0.045483999773983486
2026-08-23,Beijing Guoan,Shenzhen Xinpengcheng,0.7687856861359835,0.13826193674848125,0.09295237711553522,0.5679910254535047,0.35953093968403793,0.02836860770004876,0.006802817829837378
2026-08-23,Beijing Guoan,Tianjin Jinmen Tiger,0.6426770209307675,0.20002843920664623,0.15729453986258626,0.4042503593917295,0.2091518072101635,0.051486699163610046,0.013064686226391056
2026-08-23,Beijing Guoan,Wuhan Three Towns,0.7375284169771351,0.1500170446911585,0.11245453833170638,0.5315899882843149,0.32736559377153035,0.03704691649158657,0.009665033103109932
2026-08-23,Beijing Guoan,Yunnan Yukun,0.6774431308186833,0.1692265990084713,0.15333027017284534,0.46647227153440113,0.27328893392820525,0.057226965221926177,0.01714016720922627
2026-08-23,Beijing Guoan,Zhejiang Professional,0.6550848742452218,0.18051190328916344,0.16440322246561478,0.43673564530432385,0.24539938176838966,0.060966500622486826,0.018028337658115207
2026-08-23,Changchun Yatai,Beijing Guoan,0.15826865709152144,0.20698221660468186,0.6347491263037967,0.050426693535220724,0.01237450733695978,0.39109624883366356,0.1968524652423975
2026-08-23,Changchun Yatai,Chengdu Rongcheng,0.13037302259554576,0.20094292072355935,0.6686840566808949,0.03668159095773571,0.007830388174373265,0.41875254412334306,0.21344438549207134
2026-08-23,Changchun Yatai,Chongqing Tonglianglong,0.3130031880148053,0.3201809381707104,0.3668158738144843,0.10790237860007723,0.027808926797780936,0.13857836131371945,0.039395573043490895
2026-08-23,Changchun Yatai,Dalian Yingbo,0.28496135438807285,0.27455392048440996,0.44048472512751713,0.10603320800820612,0.030229222483620286,0.2055436318699103,0.07485052417572809
2026-08-23,Changchun Yatai,Henan Songshan Longmen,0.22297533637975625,0.2532563000017619,0.5237683636184819,0.0758178954830292,0.019702826943119752,0.2748513703853213,0.11429625874314528
2026-08-23,Changchun Yatai,Liaoning Tieren,0.3117981926802198,0.2602916239078962,0.427910183411884,0.12812124153628277,0.04105962965711743,0.20560869988730182,0.07808171211986425
2026-08-23,Changchun Yatai,Meizhou Hakka,0.44275576888054874,0.25143903554710473,0.3058051955723465,0.22130972473796529,0.08820901734301062,0.12790550769849035,0.042005167710612024
2026-08-23,Changchun Yatai,Qingdao Hainiu,0.34087614054324533,0.26844438459069914,0.39067947486605553,0.14345043379725192,0.04699638741795401,0.17609587590260897,0.062148035472997014
2026-08-23,Changchun Yatai,Qingdao West Coast,0.2898623361031302,0.2845818658444884,0.4255557980523813,0.10564921672804492,0.02931868424780341,0.1903298298797178,0.0658704284451785
2026-08-23,Changchun Yatai,Shandong Taishan,0.20659673271953657,0.21918292861394695,0.5742203386665164,0.07582589017007815,0.021782012169573563,0.3385438819714876,0.16301157472515165
2026-08-23,Changchun Yatai,Shanghai Port,0.2070087492275326,0.22959668686283818,0.5633945639096293,0.0730052598078888,0.01994959923658923,0.32127485515494075,0.14807010560858053
2026-08-23,Changchun Yatai,Shanghai Shenhua,0.16599830942458482,0.211775707202161,0.6222259833732542,0.05368004986780624,0.01337504997118787,0.37779952376755743,0.1869220719545603
2026-08-23,Changchun Yatai,Shenzhen Xinpengcheng,0.3731181469210763,0.271119179612907,0.35576267346601675,0.16319724047292675,0.055671474919885666,0.15189334099972251,0.05047769553526419
2026-08-23,Changchun Yatai,Tianjin Jinmen Tiger,0.27665325737274804,0.28671480078134426,0.4366319418459077,0.09726659584902299,0.025919563866109965,0.19626310577053152,0.06816227764559761
2026-08-23,Changchun Yatai,Wuhan Three Towns,0.3372418761185232,0.26479867496054116,0.39795944892093565,0.14270237227395524,0.04712992666836666,0.18287419675897887,0.06604850603992403
2026-08-23,Changchun Yatai,Yunnan Yukun,0.2771713165128576,0.24827784834881284,0.47455083513832963,0.1105570336971451,0.03447294828631339,0.245383318408079,0.10144531116083003
2026-08-23,Changchun Yatai,Zhejiang Professional,0.2655671142829151,0.25339713683296045,0.48103574888412454,0.10136469374945428,0.030003432816648575,0.24616570994699255,0.10016376366592596
2026-08-23,Chengdu Rongcheng,Beijing Guoan,0.5437079762289408,0.21633870907175087,0.23995331469930828,0.32018862763839623,0.15537079107569582,0.09829681144428333,0.0320984869590081
2026-08-23,Chengdu Rongcheng,Changchun Yatai,0.8216936579413417,0.1234102769616573,0.05489606509700095,0.6165581432228855,0.39135872340042716,0.011839709203226441,0.0019186030421272282
2026-08-23,Chengdu Rongcheng,Chongqing Tonglianglong,0.697633548556407,0.19648298042232593,0.10588347102126706,0.44046201303428617,0.22503493796409066,0.025608494851671236,0.004618377839531994
2026-08-23,Chengdu Rongcheng,Dalian Yingbo,0.6995088782980295,0.17810837286230988,0.12238274883966058,0.46694155541619514,0.2588908872944437,0.03672500082748009,0.008501880184379655
2026-08-23,Chengdu Rongcheng,Henan Songshan Longmen,0.6257300840531811,0.20370998640034668,0.17055992954647223,0.3891664290638418,0.19913785302848414,0.05831726255841146,0.01553745509586221
2026-08-23,Chengdu Rongcheng,Liaoning Tieren,0.7464557243929411,0.15027655860697087,0.10326771700008808,0.5357597638921876,0.32661954258886355,0.03173881728972881,0.007634866403102171
2026-08-23,Chengdu Rongcheng,Meizhou Hakka,0.8619303351110529,0.0900918928115383,0.04797777207740882,0.7048656648188113,0.5079734878641744,0.0125842809290932,0.0025861630610640673
2026-08-23,Chengdu Rongcheng,Qingdao Hainiu,0.7695704447680615,0.14166678879857225,0.08876276643336628,0.561997188721765,0.34902495140130013,0.025477610052141435,0.005681315239832082
2026-08-23,Chengdu Rongcheng,Qingdao West Coast,0.6968278176287999,0.18321706739406277,0.11995511497713737,0.4581754764043962,0.24856166401181193,0.03447442019317455,0.0075823283835505205
2026-08-23,Chengdu Rongcheng,Shandong Taishan,0.6366319848335259,0.18453912943666656,0.17882888572980754,0.4193975551693421,0.23287552305623,0.06901138073784313,0.021344584068482785
2026-08-23,Chengdu Rongcheng,Shanghai Port,0.6235265829189979,0.19451090047078198,0.18196251661022014,0.39849104866119833,0.21237796788166566,0.06791055152778405,0.02010478992764251
2026-08-23,Chengdu Rongcheng,Shanghai Shenhua,0.556628656468198,0.21369579984678141,0.22967554368502055,0.33183163024604806,0.1632152385292923,0.09245281530216026,0.029622278803369977
2026-08-23,Chengdu Rongcheng,Shenzhen Xinpengcheng,0.7968074952841282,0.12886709820830106,0.07432540650757073,0.5978095347372047,0.38352129995326584,0.020115024253883545,0.004212501869718099
2026-08-23,Chengdu Rongcheng,Tianjin Jinmen Tiger,0.6773879481588778,0.19348416733538573,0.12912788450573645,0.4332978222467309,0.2271592566714546,0.037384266996251386,0.008262981093951589
2026-08-23,Chengdu Rongcheng,Wuhan Three Towns,0.7693573397671384,0.1405712481451109,0.09007141208775071,0.5639426392612278,0.35236870282359317,0.026366637120818683,0.006017635942651062
2026-08-23,Chengdu Rongcheng,Yunnan Yukun,0.7161364880215823,0.16049357276789075,0.123369939210527,0.5027931989571052,0.29945199087284724,0.04105901973332978,0.01079111675174355
2026-08-23,Chengdu Rongcheng,Zhejiang Professional,0.6941706325658663,0.17263156707945176,0.13319780035468193,0.47182374345624123,0.26938429456669816,0.043987139055494166,0.011398475647312263
2026-08-23,Chongqing Tonglianglong,Beijing Guoan,0.24876915259234791,0.2615092735327818,0.4897215738748703,0.08853841314508124,0.024144436341950577,0.24629458770469295,0.0976698786847403
2026-08-23,Chongqing Tonglianglong,Changchun Yatai,0.5251440400871584,0.2871562813659686,0.18769967854687294,0.2515849851614467,0.09271509183509949,0.0500583041200787,0.009838734792660873
2026-08-23,Chongqing Tonglianglong,Chengdu Rongcheng,0.20943851704609726,0.26308866385588403,0.5274728190980187,0.06579084082936491,0.015594217851832124,0.2698057754737696,0.10829740325951677
2026-08-23,Chongqing Tonglianglong,Dalian Yingbo,0.38489320579271125,0.29745642261017236,0.3176503715971164,0.15851933563173584,0.04993270117440952,0.11778123073802216,0.033133509224728276
2026-08-23,Chongqing Tonglianglong,Henan Songshan Longmen,0.31870869180214817,0.2917940544015979,0.3894972537962539,0.12038059281903246,0.03463757376031261,0.1639197969648511,0.05299678207699576
2026-08-23,Chongqing Tonglianglong,Liaoning Tieren,0.42073718177637187,0.2766399915943869,0.3026228266292412,0.19147772420234974,0.06786048948510126,0.11604755309946153,0.034176066316335574
2026-08-23,Chongqing Tonglianglong,Meizhou Hakka,0.5562899915188122,0.24140162016048333,0.20230838832070447,0.3059570861643117,0.1343878862172451,0.06708110391138153,0.017016348358243723
2026-08-23,Chongqing Tonglianglong,Qingdao Hainiu,0.4485431370116062,0.2783183063110048,0.273138556677389,0.20860633449341578,0.07547188302713272,0.09777925071137324,0.026665373880718556
2026-08-23,Chongqing Tonglianglong,Qingdao West Coast,0.3867440870925406,0.30633474571659064,0.30692116719086876,0.15584030441863556,0.047742202087689686,0.10866126709551727,0.02896724594336535
2026-08-23,Chongqing Tonglianglong,Shandong Taishan,0.3112280519100221,0.26095202698286907,0.4278199211071088,0.1274826885905399,0.04069734095308679,0.2051503900921303,0.0777017462105795
2026-08-23,Chongqing Tonglianglong,Shanghai Port,0.30729705521467787,0.2716986536214112,0.4210042911639109,0.12076206719942532,0.036624046819359796,0.19437634321996827,0.07018291507005327
2026-08-23,Chongqing Tonglianglong,Shanghai Shenhua,0.25805648928881025,0.2644043411900215,0.4775391695211683,0.0931715048506873,0.025790544954262213,0.23626096792579523,0.0919793005321003
2026-08-23,Chongqing Tonglianglong,Shenzhen Xinpengcheng,0.4805027664612416,0.2741986799830137,0.24529855355574473,0.2318142611451109,0.08722748411161803,0.0828966754244856,0.02123728205514925
2026-08-23,Chongqing Tonglianglong,Tianjin Jinmen Tiger,0.37107558157100334,0.31172638218637155,0.31719803624262505,0.1442634475025178,0.042439353878159135,0.1128391979131406,0.03017740252504195
2026-08-23,Chongqing Tonglianglong,Wuhan Three Towns,0.44628886672757606,0.27543846073515627,0.2782726725372677,0.20881881459512944,0.076193061911331,0.10172954987196711,0.028428233393002617
2026-08-23,Chongqing Tonglianglong,Yunnan Yukun,0.38664031247225095,0.2727091324035549,0.3406505551241942,0.17125651090401142,0.059154789706543004,0.14144887541089274,0.04555912307348812
2026-08-23,Chongqing Tonglianglong,Zhejiang Professional,0.37075109514423116,0.2808278090009634,0.3484210958548054,0.157090891245658,0.05148519642592246,0.14292156683130536,0.045228954481397673
2026-08-23,Dalian Yingbo,Beijing Guoan,0.29871074974081024,0.23635903085287596,0.4649302194063138,0.1297002544734754,0.04480152789850764,0.24732170286810742,0.10657909174392412
2026-08-23,Dalian Yingbo,Changchun Yatai,0.6189756183255314,0.22608767320011114,0.15493670847435748,0.3604227015368496,0.16820899095812963,0.04468465778344234,0.009733720093966157
2026-08-23,Dalian Yingbo,Chengdu Rongcheng,0.250296952005141,0.2386990268150001,0.5110040211798589,0.09687970470821473,0.029325281943585833,0.2777797285700405,0.12166172670372917
2026-08-23,Dalian Yingbo,Chongqing Tonglianglong,0.48012813683535155,0.2827043244204174,0.23716753874423102,0.2262670889865728,0.08258361603558032,0.07617929020693094,0.01839589835434532
2026-08-23,Dalian Yingbo,Henan Songshan Longmen,0.3831129391427379,0.2567344319891951,0.360152628868067,0.17723317868874477,0.06484856804967314,0.16169653917900562,0.057270598388909265
2026-08-23,Dalian Yingbo,Liaoning Tieren,0.5026893833965698,0.2336567005228627,0.26365391608056754,0.2760870715905381,0.12295606710702396,0.10736416792935134,0.03451989019337899
2026-08-23,Dalian Yingbo,Meizhou Hakka,0.652020004803995,0.1879547950922319,0.16002520010377308,0.42512555060457263,0.23124411424477379,0.05615054459160066,0.015514852608829073
2026-08-23,Dalian Yingbo,Qingdao Hainiu,0.5341946210307796,0.23130289786632838,0.23450248110289199,0.2999507489874469,0.13647316506429796,0.08941180050184908,0.02669256301140471
2026-08-23,Dalian Yingbo,Qingdao West Coast,0.4634949719801796,0.26116904067090574,0.27533598734891473,0.22904304548814983,0.08937920623945433,0.10472893885552298,0.030773468355436213
2026-08-23,Dalian Yingbo,Shandong Taishan,0.3746996216635262,0.2322189024851839,0.3930814758512899,0.1852408095176526,0.07422380645815933,0.19850132114965377,0.08140130154635648
2026-08-23,Dalian Yingbo,Shanghai Port,0.36964588726336883,0.24130418226043598,0.38904993047619524,0.176413228161079,0.06752968166856338,0.19008660929502075,0.07464902207739794
2026-08-23,Dalian Yingbo,Shanghai Shenhua,0.3100335883012817,0.23835408967875188,0.45161232201996643,0.1365129650556631,0.04785312672449672,0.2364196852334143,0.10006202159954221
2026-08-23,Dalian Yingbo,Shenzhen Xinpengcheng,0.5698866460095094,0.2236381375952857,0.20647521639520486,0.33126741852398706,0.1565438851917814,0.07441253852640306,0.020894433005514527
2026-08-23,Dalian Yingbo,Tianjin Jinmen Tiger,0.44528722447360214,0.26733308554734836,0.2873796899790495,0.2129958994687339,0.08001701859676992,0.11000180983865977,0.03246362824740126
2026-08-23,Dalian Yingbo,Wuhan Three Towns,0.5316896136146323,0.2293953844176076,0.2389150019677601,0.2998933768311764,0.13741292195633933,0.09286967477797715,0.0283690834092713
2026-08-23,Dalian Yingbo,Yunnan Yukun,0.46350621446039003,0.23460750009750592,0.301886285442104,0.24760294031836927,0.10736431661814233,0.13265583315898666,0.04649572917535136
2026-08-23,Dalian Yingbo,Zhejiang Professional,0.4448040643511059,0.2428136318892255,0.3123823037596685,0.22850290833271863,0.0944465765108687,0.1360688870533944,0.0469970573468423
2026-08-23,Henan Songshan Longmen,Beijing Guoan,0.3812464586294328,0.23786344080063843,0.3808901005699287,0.18658925226793904,0.07361329297367857,0.18633585918510617,0.07347938676396028
2026-08-23,Henan Songshan Longmen,Changchun Yatai,0.7002432989405588,0.18858605082362162,0.11117065023581958,0.4525324223596655,0.2390039032073078,0.029175094507048163,0.00577883859066806
2026-08-23,Henan Songshan Longmen,Chengdu Rongcheng,0.32345164210656996,0.2467909723691724,0.42975738552425763,0.14172602673104912,0.049162857060340334,0.2153085217872112,0.0864083724666297
2026-08-23,Henan Songshan Longmen,Chongqing Tonglianglong,0.5610207640978261,0.255292951869546,0.18368628403262793,0.2972666126676424,0.12393950314130121,0.053847208638660306,0.011844362951822672
2026-08-23,Henan Songshan Longmen,Dalian Yingbo,0.5493271524018792,0.23215401697688506,0.2185188306212357,0.3095003395460189,0.14085166817819453,0.07921453217842732,0.02231397920373052
2026-08-23,Henan Songshan Longmen,Liaoning Tieren,0.5951800510275764,0.20803263814203776,0.1967873108303858,0.3642053442457008,0.183795756441376,0.0731246512690546,0.02141067518493757
2026-08-23,Henan Songshan Longmen,Meizhou Hakka,0.7391820651494314,0.15157874053181325,0.10923919431875533,0.5298296106220347,0.3232153951063281,0.03483939303218891,0.008744973789269436
2026-08-23,Henan Songshan Longmen,Qingdao Hainiu,0.6249520931791636,0.2021931275620821,0.17285477925875434,0.3904183930382609,0.20113235804513416,0.060087127264583255,0.01632714481857016
2026-08-23,Henan Songshan Longmen,Qingdao West Coast,0.5497674193857699,0.238020954496243,0.2122116261179871,0.3046030293657561,0.13541665741055567,0.07372476994134272,0.019740440482177615
2026-08-23,Henan Songshan Longmen,Shandong Taishan,0.4672679373914273,0.2233788757213679,0.30935318688720487,0.2588737716414326,0.11793725093625629,0.14321200585785795,0.05363283873131435
2026-08-23,Henan Songshan Longmen,Shanghai Port,0.45901037908424086,0.23251299232841505,0.30847662858734415,0.24593411481592886,0.10722328212867879,0.13816842488774228,0.04955258306126775
2026-08-23,Henan Songshan Longmen,Shanghai Shenhua,0.3937152924184835,0.2381363424267101,0.3681483651548064,0.1953015727100526,0.07816442402732764,0.17713840672307782,0.06858004754660275
2026-08-23,Henan Songshan Longmen,Shenzhen Xinpengcheng,0.6590954382283127,0.19132930730587883,0.14957525446580844,0.4252267028732815,0.2271531382766609,0.0491009903481588,0.0125421971686773
2026-08-23,Henan Songshan Longmen,Tianjin Jinmen Tiger,0.5302530978246475,0.24604452309131244,0.2237023790840401,0.2848616656886623,0.12207182056387487,0.07824563328303256,0.021048237731024613
2026-08-23,Henan Songshan Longmen,Wuhan Three Towns,0.6232866264933216,0.20074552182214356,0.17596785168453488,0.39101503686698896,0.20278927535729477,0.06236600788649343,0.01734060175567274
2026-08-23,Henan Songshan Longmen,Yunnan Yukun,0.5574106914734575,0.21375993521995834,0.2288293733065842,0.33231736446250787,0.1634284966377102,0.09187058345678126,0.029345309452701654
2026-08-23,Henan Songshan Longmen,Zhejiang Professional,0.5363927662664574,0.22371198906101805,0.23989524467252457,0.3082272790106274,0.14476911928593333,0.09552274473003294,0.030077868159250686
2026-08-23,Liaoning Tieren,Beijing Guoan,0.2754735089882925,0.2174220016548366,0.5071044893568709,0.122138590475952,0.04368290531853143,0.2929161103427912,0.13983059723314542
2026-08-23,Liaoning Tieren,Changchun Yatai,0.6154509817285179,0.2164923466493089,0.16805667162217325,0.3683548551909033,0.17891694260053956,0.05374362605489782,0.013199623956571425
2026-08-23,Liaoning Tieren,Chengdu Rongcheng,0.22817104743645997,0.21649625104962122,0.5553327015139188,0.09045583849549325,0.02843611638291804,0.32820289696448196,0.15950321663402595
2026-08-23,Liaoning Tieren,Chongqing Tonglianglong,0.47202525616388336,0.26880894090859797,0.2591658029275187,0.2297416352786181,0.08765806314943979,0.0924737918870797,0.025218675520785445
2026-08-23,Liaoning Tieren,Dalian Yingbo,0.446737914346901,0.2419451987346879,0.3113168869184111,0.23046084239133147,0.09574562602820248,0.13574220783652516,0.04696132549157875
2026-08-23,Liaoning Tieren,Henan Songshan Longmen,0.36449239334885486,0.2413069200041777,0.39420068664696745,0.17279416297985556,0.06565982926060841,0.19372509545296068,0.07655535410864125
2026-08-23,Liaoning Tieren,Meizhou Hakka,0.6441021610983951,0.18163106625472417,0.1742667726468807,0.4280658884067691,0.24026742957384573,0.06696546495933178,0.020636915575224013
2026-08-23,Liaoning Tieren,Qingdao Hainiu,0.5216766379156544,0.2217667672510631,0.25655659483328247,0.29958853706216415,0.14121885298174086,0.10731523642180216,0.03579978958693627
2026-08-23,Liaoning Tieren,Qingdao West Coast,0.45035690145314194,0.24835265194727718,0.30129044659958093,0.22861700061955778,0.0928330864580396,0.12623338417011948,0.04160424981575393
2026-08-23,Liaoning Tieren,Shandong Taishan,0.35173110744092345,0.21762440385202453,0.43064448870705196,0.17710813713492685,0.07326425102985493,0.2360736598640109,0.10714969663912842
2026-08-23,Liaoning Tieren,Shanghai Port,0.3480582483864,0.2260230430514107,0.42591870856218933,0.1695864970459246,0.06717971498966549,0.22655109963576792,0.09876048786750295
2026-08-23,Liaoning Tieren,Shanghai Shenhua,0.28706066486835424,0.21999726058482294,0.4929420745468228,0.1290833462051818,0.046853042527489015,0.2803908213431242,0.13153365161883437
2026-08-23,Liaoning Tieren,Shenzhen Xinpengcheng,0.5596332405284542,0.2148761864392129,0.22549057303233289,0.3327773911289489,0.162934866607262,0.08927797725557314,0.028045615409121316
2026-08-23,Liaoning Tieren,Tianjin Jinmen Tiger,0.4318602732649609,0.2536458274934544,0.3144938992415847,0.21239443298206517,0.08309965383642534,0.13268044219089586,0.043944579951419066
2026-08-23,Liaoning Tieren,Wuhan Three Towns,0.5185200782717346,0.21997219513268673,0.26150772659557864,0.2989224169510529,0.1418090119758403,0.11140049369297096,0.0379895075803673
2026-08-23,Liaoning Tieren,Yunnan Yukun,0.445498613852472,0.22340710347134607,0.3310942826761819,0.24285071137883757,0.10887999412981096,0.15876700669293367,0.061887102008696855
2026-08-23,Liaoning Tieren,Zhejiang Professional,0.42706238914693523,0.23055524235573227,0.34238236849733256,0.22423636575614997,0.09599265587542409,0.16301525451142296,0.06272139091606861
2026-08-23,Meizhou Hakka,Beijing Guoan,0.1625698914982224,0.17288325700416918,0.6645468514976084,0.06208856805429652,0.019075273006855877,0.45309055411726123,0.26260007820971026
2026-08-23,Meizhou Hakka,Changchun Yatai,0.48985982709461257,0.24440042968667935,0.265739743218708,0.2587674230734248,0.10964375126313547,0.10467667500411156,0.032238552801144314
2026-08-23,Meizhou Hakka,Chengdu Rongcheng,0.13096923604350255,0.16444281325567423,0.7045879507008233,0.044632860894766556,0.01203944473701062,0.4900686008448013,0.2888467198292936
2026-08-23,Meizhou Hakka,Chongqing Tonglianglong,0.3535896624694228,0.27158662047904203,0.37482371705153517,0.1502726410855538,0.04967617293080803,0.16408472004008132,0.056009762500311366
2026-08-23,Meizhou Hakka,Dalian Yingbo,0.3152278846817935,0.23500115622578965,0.4497709590924168,0.14166078472643318,0.05091913058926089,0.2374957640454527,0.10176747492921308
2026-08-23,Meizhou Hakka,Henan Songshan Longmen,0.24033655875160148,0.21588520300869962,0.5437782382396988,0.09872536649308065,0.032348818778421405,0.32066701473458753,0.15590301053941272
2026-08-23,Meizhou Hakka,Liaoning Tieren,0.3457577078579755,0.22334603123642638,0.4308962609055982,0.16942440452600735,0.06767795762470684,0.2321158603198841,0.10281610942068105
2026-08-23,Meizhou Hakka,Qingdao Hainiu,0.38105613573407,0.22929955303268235,0.3896443112332476,0.19159487476806578,0.07839239428995393,0.19783717287078745,0.08181402928647007
2026-08-23,Meizhou Hakka,Qingdao West Coast,0.32203455725411684,0.2431410607996755,0.4348243819462077,0.14247068374991542,0.05006644664312984,0.22125686797257108,0.09054219527670139
2026-08-23,Meizhou Hakka,Shandong Taishan,0.21884766046617957,0.18704124909184694,0.5941110904419735,0.0953080157296452,0.033951104405892635,0.3867328690793675,0.21383999902149783
2026-08-23,Meizhou Hakka,Shanghai Port,0.21997956780603778,0.195577454762473,0.5844429774314892,0.09272021904761481,0.031636376879637065,0.3702746471454842,0.19727012506338162
2026-08-23,Meizhou Hakka,Shanghai Shenhua,0.17163280518203175,0.1775954358725732,0.6507717589453951,0.06652698646694344,0.020751890616641143,0.4377244118895432,0.24965073960953713
2026-08-23,Meizhou Hakka,Shenzhen Xinpengcheng,0.419634856980288,0.23012109497850708,0.3502440480412049,0.21913248830422613,0.09331327528019273,0.1688733040476656,0.06591949521625191
2026-08-23,Meizhou Hakka,Tianjin Jinmen Tiger,0.30658125525195373,0.24483661636804732,0.4485821283799989,0.1312614633007233,0.04441421467280942,0.2297704594511125,0.09448998171026518
2026-08-23,Meizhou Hakka,Wuhan Three Towns,0.37638977188383055,0.22648460828119565,0.39712561983497385,0.18991823106776715,0.07819027661673723,0.20509658130138148,0.08660962492114903
2026-08-23,Meizhou Hakka,Yunnan Yukun,0.30372089491063453,0.21355686748952568,0.48272223759983984,0.14411876197827173,0.0558758791958933,0.27825155790134315,0.133419604949218
2026-08-23,Meizhou Hakka,Zhejiang Professional,0.29040691410541325,0.21754262872063118,0.4920504571739555,0.13259804837849662,0.04905545825112251,0.28180288851747026,0.1335145143012382
2026-08-23,Qingdao Hainiu,Beijing Guoan,0.24381550077684047,0.21481110119281177,0.5413733980303478,0.10147676143691468,0.033778140628811,0.3199758392219502,0.15618890764902255
2026-08-23,Qingdao Hainiu,Changchun Yatai,0.5744073168665048,0.23396859268769837,0.1916240904457968,0.3244643126774909,0.14708956904353848,0.06286861139228762,0.015798931172178926
2026-08-23,Qingdao Hainiu,Chengdu Rongcheng,0.2012777339923581,0.21198441462000206,0.5867378513876398,0.07472283500879791,0.021817162632908303,0.3543218319400255,0.17588831612381703
2026-08-23,Qingdao Hainiu,Chongqing Tonglianglong,0.43442802697906296,0.28048791785385063,0.28508405516708635,0.19824840393738252,0.07024863555161069,0.1041467860524869,0.029022493366662783
2026-08-23,Qingdao Hainiu,Dalian Yingbo,0.40720703081488646,0.2500861178281654,0.34270685135694806,0.19755974199129447,0.07644647374497764,0.1531953693307897,0.05422976552967724
2026-08-23,Qingdao Hainiu,Henan Songshan Longmen,0.3283554565159958,0.24443763585897316,0.427206907625031,0.14616423656738234,0.05167958482998882,0.2150458271557579,0.0869196655476114
2026-08-23,Qingdao Hainiu,Liaoning Tieren,0.44517931179992976,0.23299511563615233,0.3218255725639179,0.23563264067997547,0.10143877905126783,0.1472295202097215,0.05406727239903292
2026-08-23,Qingdao Hainiu,Meizhou Hakka,0.5995189956828183,0.1980174518407295,0.2024635524764522,0.37815537642586083,0.19920717795803042,0.08003591711206533,0.025299828536082307
2026-08-23,Qingdao Hainiu,Qingdao West Coast,0.41139167702589713,0.2571560363685242,0.3314522866055786,0.19625022916694196,0.07416746955663776,0.14232475692645302,0.04798045755265544
2026-08-23,Qingdao Hainiu,Shandong Taishan,0.3138094720254406,0.21872127877969472,0.46746924919486477,0.14876436143080582,0.05741845414075572,0.2626956818190116,0.12208071129118407
2026-08-23,Qingdao Hainiu,Shanghai Port,0.3113648770100813,0.22738506797507446,0.46125005501484423,0.14265600856185545,0.05266268507363188,0.2513957403102719,0.11215373425433027
2026-08-23,Qingdao Hainiu,Shanghai Shenhua,0.2545735419742419,0.21802307093651285,0.5274033870892453,0.10748060470412882,0.0363133341652556,0.30703178575110357,0.14729390293477515
2026-08-23,Qingdao Hainiu,Shenzhen Xinpengcheng,0.5164780629452445,0.22845611509631086,0.2550658219584447,0.2900959656109012,0.1327506676380283,0.10370821871198511,0.03337214930336309
2026-08-23,Qingdao Hainiu,Tianjin Jinmen Tiger,0.3939142789420324,0.2616129548838022,0.34447276617416533,0.1818914165528155,0.06618559779120564,0.1488872631474929,0.05042651399472511
2026-08-23,Qingdao Hainiu,Wuhan Three Towns,0.4755065794368595,0.23122931456773987,0.29326410599540065,0.2587392428760905,0.1146766350913539,0.1282722053561064,0.044810195252849724
2026-08-23,Qingdao Hainiu,Yunnan Yukun,0.4038039022698276,0.23025724261314445,0.3659388551170279,0.20752527071653115,0.08687529502638187,0.18008147664817542,0.07190301280584743
2026-08-23,Qingdao Hainiu,Zhejiang Professional,0.38684316655115447,0.2367295701583083,0.3764272632905372,0.19125234941416855,0.07635697866744996,0.18382451449277046,0.07241287357818721
2026-08-23,Qingdao West Coast,Beijing Guoan,0.2891884789354804,0.24244099720758028,0.46837052385693934,0.12070173333290643,0.039734079744214716,0.24529928962194703,0.10337157467850522
2026-08-23,Qingdao West Coast,Changchun Yatai,0.5999011478887765,0.23887523083643883,0.1612236212747847,0.33603092527539213,0.14944707611699834,0.04552099082496188,0.009646995568151526
2026-08-23,Qingdao West Coast,Chengdu Rongcheng,0.2426961885266769,0.24474042913167193,0.5125633823416511,0.09009811369231797,0.025940704502252946,0.274021705670543,0.11724654891491322
2026-08-23,Qingdao West Coast,Chongqing Tonglianglong,0.4637670961823283,0.29427986431937436,0.2419530394982973,0.2092362668468857,0.07250354101134115,0.07597366856770309,0.017830336696135932
2026-08-23,Qingdao West Coast,Dalian Yingbo,0.4458496085148149,0.26384048180996106,0.290309909675224,0.2155156726295455,0.08207983541571497,0.11308191568440573,0.03408297442133527
2026-08-23,Qingdao West Coast,Henan Songshan Longmen,0.3703395975565337,0.26468248837152164,0.3649779140719447,0.1645327623671973,0.05731662160464366,0.1609797849703583,0.05563987300547567
2026-08-23,Qingdao West Coast,Liaoning Tieren,0.48620537904045474,0.2430045588790557,0.2707900620804895,0.2572944766906542,0.10940136012529059,0.10844157457779605,0.03405209846935936
2026-08-23,Qingdao West Coast,Meizhou Hakka,0.6328678443765331,0.1990843993651313,0.1680477562583356,0.3991696613537348,0.2080146426425725,0.05803154973680342,0.01566838808217344
2026-08-23,Qingdao West Coast,Qingdao Hainiu,0.5169069589177828,0.24141128751027752,0.24168175357193966,0.2796293154547097,0.12144662586814678,0.09055417825600152,0.02638407415521871
2026-08-23,Qingdao West Coast,Shandong Taishan,0.362280908550331,0.23888956750305906,0.3988295239466099,0.17257276464010124,0.06603996221595176,0.1984813798581581,0.07966343148328034
2026-08-23,Qingdao West Coast,Shanghai Port,0.3574150804904412,0.24832043785587843,0.39426448165368033,0.16413061225533868,0.05992442241702201,0.1896176323339999,0.0727996425234952
2026-08-23,Qingdao West Coast,Shanghai Shenhua,0.3000638806775143,0.2445969558135045,0.4553391635089812,0.12701467561505367,0.04243373513087766,0.234659897255466,0.097111239979512
2026-08-23,Qingdao West Coast,Shenzhen Xinpengcheng,0.5518288825003815,0.23439263861537546,0.213778478884243,0.3091797034115007,0.13951229118662642,0.07568629279200395,0.020734863502397113
2026-08-23,Qingdao West Coast,Tianjin Jinmen Tiger,0.4302841361114021,0.27708973599628095,0.292626127892317,0.1974478634230228,0.07054744929397107,0.10980233193641921,0.03156262653564518
2026-08-23,Qingdao West Coast,Wuhan Three Towns,0.5144730915202242,0.23931063466865518,0.24621627381112057,0.2796675099814938,0.12236495343964546,0.09408961885223943,0.028061400285099007
2026-08-23,Qingdao West Coast,Yunnan Yukun,0.44813983504374194,0.24303217351898282,0.3088279914372752,0.2306983838855596,0.09553162104908317,0.13357023852757552,0.04576110022602969
2026-08-23,Qingdao West Coast,Zhejiang Professional,0.4299993781409951,0.2512520502048994,0.31874857165410553,0.2126227823276795,0.08383578196408649,0.13654582531891668,0.04606505299280494
2026-08-23,Shandong Taishan,Beijing Guoan,0.4160920075735892,0.21517393792718342,0.36873405449922736,0.22690097062850595,0.10268636179040762,0.1912587966797946,0.08195199363060744
2026-08-23,Shandong Taishan,Changchun Yatai,0.7567812987977228,0.14983111715679232,0.09338758404548486,0.5414769937198757,0.3271707636818071,0.026496999277328983,0.005811816905200084
2026-08-23,Shandong Taishan,Chengdu Rongcheng,0.3515251941507818,0.22458477232734614,0.4238900335218721,0.17291566210975595,0.0693083877262264,0.2260658985884185,0.09896765934329332
2026-08-23,Shandong Taishan,Chongqing Tonglianglong,0.6149707902954672,0.21711372882787464,0.16791548087665817,0.36738333998022144,0.1779989090967503,0.0535218673594769,0.013093092936839742
2026-08-23,Shandong Taishan,Dalian Yingbo,0.6007383072876669,0.19982686211349046,0.19943483059884268,0.3769712934179249,0.1970031190067625,0.07744324134477709,0.02395437950842926
2026-08-23,Shandong Taishan,Henan Songshan Longmen,0.5137986813646017,0.2165799743652253,0.269621344270173,0.29852312911258944,0.1434038919495222,0.1184322268078337,0.0419223856781413
2026-08-23,Shandong Taishan,Liaoning Tieren,0.6486536916374521,0.17628644988507522,0.17505985847747266,0.43801881250876046,0.2514979444564608,0.06921458065029576,0.02211578232594653
2026-08-23,Shandong Taishan,Meizhou Hakka,0.7933384543980164,0.11829635458301074,0.08836519101897283,0.6180560450183279,0.4227599794155172,0.029899768289823714,0.008172005367154666
2026-08-23,Shandong Taishan,Qingdao Hainiu,0.6797283935252302,0.1687947802303482,0.15147682624442163,0.4685336553303355,0.2747210680442005,0.056168812743465184,0.016698131064514222
2026-08-23,Shandong Taishan,Qingdao West Coast,0.6015392913065777,0.20451144618387965,0.19394926250954267,0.372322208634195,0.19065149269317525,0.07242438580560673,0.021359620018284915
2026-08-23,Shandong Taishan,Shanghai Port,0.5022732521146983,0.20679775342975143,0.29092899445555026,0.29872846261562885,0.14889839518067496,0.13823304203831124,0.05391237248502409
2026-08-23,Shandong Taishan,Shanghai Shenhua,0.4300200222258853,0.21491542672426428,0.3550645510498504,0.237595400090166,0.10905284488838007,0.18119961912232788,0.07625754741192392
2026-08-23,Shandong Taishan,Shenzhen Xinpengcheng,0.7146801556781731,0.15682429863449412,0.12849554568733276,0.5077223904363267,0.30819371481839813,0.045044566985757636,0.012602782390710575
2026-08-23,Shandong Taishan,Tianjin Jinmen Tiger,0.5808371707861977,0.21276299297223558,0.20639983624156674,0.3495122003874675,0.17293187264085486,0.07770413856246645,0.02304971159435974
2026-08-23,Shandong Taishan,Wuhan Three Towns,0.6779193694761873,0.16782948381920051,0.15425114670461224,0.46875038290533866,0.27635248197276147,0.05823293313161435,0.017690203209349407
2026-08-23,Shandong Taishan,Yunnan Yukun,0.6086698245038978,0.18420443340927586,0.2071257420868263,0.40045847617947844,0.22395579070111266,0.08822112256721673,0.03065857856011064
2026-08-23,Shandong Taishan,Zhejiang Professional,0.5864058329078836,0.19405343385290208,0.2195407332392143,0.37334781194873623,0.20023248252318732,0.0930090009142998,0.03195155167618887
2026-08-23,Shanghai Port,Beijing Guoan,0.4120299982236639,0.22341464138570283,0.36455536039063324,0.21811724093552298,0.09485524084942724,0.1831145893577117,0.07519849666706932
2026-08-23,Shanghai Port,Changchun Yatai,0.7428110457674061,0.16072470193843807,0.09646425229415584,0.5163005260562099,0.29974999553174997,0.026271560354876072,0.005476207424292766
2026-08-23,Shanghai Port,Chengdu Rongcheng,0.3492895709113741,0.23341976637881967,0.4172906627098062,0.16637947411521886,0.06391899792047663,0.21521986075103094,0.09016858089704005
2026-08-23,Shanghai Port,Chongqing Tonglianglong,0.6023683639994307,0.22858661991467683,0.16904501608589245,0.3475574607486545,0.16094339383841064,0.051614112769564686,0.011979632629515515
2026-08-23,Shanghai Port,Dalian Yingbo,0.5899672604510244,0.20945754468812688,0.20057519486084868,0.35916215970646637,0.18020015211492096,0.0750674668015593,0.022148546553783673
2026-08-23,Shanghai Port,Henan Songshan Longmen,0.5057871447062954,0.2256299373969306,0.268582917896774,0.2849224560965245,0.13133939902388783,0.11386402466516708,0.038497683236047804
2026-08-23,Shanghai Port,Liaoning Tieren,0.6373603868550473,0.18538456562854339,0.17725504751640936,0.4188275629875356,0.23162911313893791,0.06772100407627944,0.02069185374123199
2026-08-23,Shanghai Port,Meizhou Hakka,0.7807228325870095,0.12721340361698194,0.09206376379600859,0.5945524656509837,0.3935719387478757,0.03012499654984808,0.007878686493445503
2026-08-23,Shanghai Port,Qingdao Hainiu,0.6676258189063866,0.1782490857725882,0.1541250953210252,0.4477768193734317,0.2528291337713747,0.05516455443724397,0.015664907197232594
2026-08-23,Shanghai Port,Qingdao West Coast,0.5904250963335008,0.2145267874124999,0.1950481162539993,0.3541514149936507,0.17390724124665755,0.07010141372009408,0.019695657155438768
2026-08-23,Shanghai Port,Shandong Taishan,0.504251348390131,0.20651135075143529,0.28923730085843374,0.3004688616869126,0.15008037117380757,0.13714162085855758,0.05336658103172911
2026-08-23,Shanghai Port,Shanghai Shenhua,0.4254509836434741,0.2231734116845316,0.3513756046719943,0.22821262192898337,0.10066054784185469,0.1736156291320981,0.07001253749190071
2026-08-23,Shanghai Port,Shenzhen Xinpengcheng,0.7019803850731865,0.16646024404817708,0.13155937087863642,0.48550338224987966,0.2839252226640861,0.04449254391882339,0.011884452652398257
2026-08-23,Shanghai Port,Tianjin Jinmen Tiger,0.5701226143786152,0.22286235014552083,0.20701503547586395,0.33217628298551566,0.15747950672841407,0.07497313408983318,0.02117708227822922
2026-08-23,Shanghai Port,Wuhan Three Towns,0.6659660841950399,0.17713302366205674,0.15690089214290337,0.4482362854151811,0.2545894933835337,0.05720771349122183,0.016609637585058745
2026-08-23,Shanghai Port,Yunnan Yukun,0.5985627941244166,0.19286221155405164,0.20857499432153176,0.3832960182784888,0.20653596082256268,0.08595463623302346,0.028601749543043106
2026-08-23,Shanghai Port,Zhejiang Professional,0.5766285184016828,0.2029175756472722,0.22045390595104497,0.3568531100565181,0.1841355766683031,0.09026562161715221,0.029658725438911522
2026-08-23,Shanghai Shenhua,Beijing Guoan,0.4796963823228176,0.21881188857416356,0.3014917291030189,0.27165798359356974,0.12715608872879455,0.13987430274648613,0.052664980637868244
2026-08-23,Shanghai Shenhua,Changchun Yatai,0.7904001649453484,0.13714047323574408,0.07245936181890754,0.5788667688960667,0.3581036227951742,0.018034335618413725,0.003420440554554523
2026-08-23,Shanghai Shenhua,Chengdu Rongcheng,0.4119682511595187,0.2347741100887999,0.3532576387516815,0.2104931009098349,0.087208899086243,0.16845696209374225,0.0647347989945972
2026-08-23,Shanghai Shenhua,Chongqing Tonglianglong,0.6570498851433593,0.2081580233355234,0.13479209152111732,0.4031959603694578,0.20032580152183083,0.03765961542648851,0.007958051032486948
2026-08-23,Shanghai Shenhua,Dalian Yingbo,0.651229042045307,0.19061163351380708,0.15815932444088596,0.4212462067519139,0.2264911290405001,0.054326020653068526,0.014627777507687118
2026-08-23,Shanghai Shenhua,Henan Songshan Longmen,0.5704047935139802,0.21245463636988005,0.21714057011613974,0.34266560666013723,0.16968944832828498,0.0846847604581285,0.02617171002356904
2026-08-23,Shanghai Shenhua,Liaoning Tieren,0.6991160064969562,0.16463560077592365,0.1362483927271202,0.4865414061902886,0.2875846552674397,0.04778573221022267,0.01333044051157133
2026-08-23,Shanghai Shenhua,Meizhou Hakka,0.8295231751021946,0.10443660641152534,0.06604021848628001,0.6620912375732476,0.4645619950215608,0.019790777382420098,0.0047188854898779515
2026-08-23,Shanghai Shenhua,Qingdao Hainiu,0.726212840791823,0.15631569111138777,0.11747146809678921,0.5150599791909367,0.31051421547451125,0.03855807427131266,0.009988880190626995
2026-08-23,Shanghai Shenhua,Qingdao West Coast,0.6501909645280582,0.1954546591390083,0.15435437633293345,0.4145245293538885,0.2182184371052387,0.05088225165712516,0.013039296185181149
2026-08-23,Shanghai Shenhua,Shandong Taishan,0.5747626063704472,0.1941435108834119,0.23109388274614093,0.3648645075280777,0.19555265361518287,0.1010246107106852,0.036008681418573635
2026-08-23,Shanghai Shenhua,Shanghai Port,0.5635867913552645,0.20320667983686894,0.2332065288078666,0.3472797133217032,0.17879880865634099,0.09882310786546954,0.03379507606242988
2026-08-23,Shanghai Shenhua,Shenzhen Xinpengcheng,0.7573383408677893,0.1436586910070134,0.09900296812519731,0.5527353880493471,0.3446123181732521,0.030679637140208646,0.007471809418921986
2026-08-23,Shanghai Shenhua,Tianjin Jinmen Tiger,0.6299874014044553,0.2048368431930013,0.1651757554025434,0.39058378834776686,0.19867849541643262,0.05487470712721462,0.014138102118620054
2026-08-23,Shanghai Shenhua,Wuhan Three Towns,0.7252561324323871,0.15530924250045477,0.11943462506715816,0.516162238981554,0.3129870913384732,0.03994597802958168,0.010583135571108987
2026-08-23,Shanghai Shenhua,Yunnan Yukun,0.6638869645220032,0.1740701355131762,0.16204289996482055,0.45104820436055526,0.2600666603297841,0.06138393103832543,0.018667504504387835
2026-08-23,Shanghai Shenhua,Zhejiang Professional,0.6415339587769987,0.1852001120454318,0.1732659291775695,0.421829567600013,0.23318287707087,0.0652102173788959,0.01957846223584461
2026-08-23,Shenzhen Xinpengcheng,Beijing Guoan,0.21332210858766174,0.20710281692189803,0.5795750744904402,0.08403715606739048,0.0263430854080438,0.3545171503399585,0.17968397750819337
2026-08-23,Shenzhen Xinpengcheng,Changchun Yatai,0.5361529278012906,0.2466899271476685,0.21715714505104086,0.2882484922048161,0.12344038294060965,0.07423298566184816,0.019453080579036035
2026-08-23,Shenzhen Xinpengcheng,Chengdu Rongcheng,0.17525294318025922,0.20236476078135668,0.6223822960383841,0.061485884579123164,0.016885223380908632,0.38855228901410815,0.20014021811947855
2026-08-23,Shenzhen Xinpengcheng,Chongqing Tonglianglong,0.39961354493274986,0.2866241238354018,0.3137623312318484,0.17274219806811583,0.0576279526537784,0.11924340161309038,0.0346194084555642
2026-08-23,Shenzhen Xinpengcheng,Dalian Yingbo,0.3698383400854847,0.25295516478362917,0.37720649513088605,0.1702114665749409,0.06209773468026846,0.17524810591585582,0.0645942263764665
2026-08-23,Shenzhen Xinpengcheng,Henan Songshan Longmen,0.29394753001292007,0.24223302606567243,0.4638194439214075,0.12394792554446375,0.04128207293676435,0.24226380846437878,0.10185449047627398
2026-08-23,Shenzhen Xinpengcheng,Liaoning Tieren,0.40479247122989886,0.23745072322120397,0.3577568055488971,0.20363151112887604,0.08278095222814699,0.1701735929414081,0.06508654247730349
2026-08-23,Shenzhen Xinpengcheng,Meizhou Hakka,0.5567858555709284,0.2101876952561219,0.23302644917294968,0.3353951867813576,0.16744684611013583,0.09599219437576596,0.031647109546358396
2026-08-23,Shenzhen Xinpengcheng,Qingdao Hainiu,0.4383770706467126,0.23998171765809673,0.32164121169519067,0.22589571250922488,0.09393765678480902,0.1437001293737888,0.05115646403701285
2026-08-23,Shenzhen Xinpengcheng,Qingdao West Coast,0.3747057067255689,0.2606281196842631,0.364666173590168,0.1695008529447,0.060372214021196684,0.1627761272550118,0.057144663998396066
2026-08-23,Shenzhen Xinpengcheng,Shandong Taishan,0.2774178317469117,0.2146981260192774,0.5078840422338109,0.12473593177529224,0.04541239328830804,0.29587450184998837,0.14292862389012684
2026-08-23,Shenzhen Xinpengcheng,Shanghai Port,0.276220991368688,0.22355239438683805,0.500226614244474,0.11995562386078133,0.04174304253661288,0.28268650429188064,0.13111071735900365
2026-08-23,Shenzhen Xinpengcheng,Shanghai Shenhua,0.22331817192087539,0.2109200847032624,0.5657617433758622,0.08925907635321977,0.028403137484747484,0.3409822397459643,0.16989256034382055
2026-08-23,Shenzhen Xinpengcheng,Tianjin Jinmen Tiger,0.35821192806368785,0.2641761640678516,0.37761190786846055,0.15675080060466923,0.05373064647942186,0.16962220055855046,0.0598168854475898
2026-08-23,Shenzhen Xinpengcheng,Wuhan Three Towns,0.4346500609710654,0.2375236924697267,0.3278262465592079,0.2249199587458705,0.09417313685917215,0.14916672434623082,0.05428950662591581
2026-08-23,Shenzhen Xinpengcheng,Yunnan Yukun,0.3640148461341666,0.23199166580313413,0.4039934880626993,0.1776941181509462,0.0702247852908021,0.2065401074541898,0.08584453037302037
2026-08-23,Shenzhen Xinpengcheng,Zhejiang Professional,0.34854152715781056,0.23771184364784714,0.41374662919434235,0.1635415972353508,0.061596854242342305,0.20986307327240358,0.08604441131166242
2026-08-23,Tianjin Jinmen Tiger,Beijing Guoan,0.30254106900284433,0.24806250423470128,0.44939642676245445,0.12718191145427982,0.042081446235517524,0.2281465824360167,0.09267725300899007
2026-08-23,Tianjin Jinmen Tiger,Changchun Yatai,0.6091918470230024,0.23785535230780885,0.1529528006691887,0.34270106098187564,0.15290062920088743,0.041597282820493485,0.008456994364081498
2026-08-23,Tianjin Jinmen Tiger,Chengdu Rongcheng,0.25482565281892755,0.25182823556339234,0.4933461116176801,0.09524653059238053,0.027552249440953865,0.25562487556294566,0.10540209492955714
2026-08-23,Tianjin Jinmen Tiger,Chongqing Tonglianglong,0.47362013735303377,0.2956419732560598,0.23073788939090645,0.21460378694823323,0.07458709596823376,0.06977802538101831,0.015707493323503022
2026-08-23,Tianjin Jinmen Tiger,Dalian Yingbo,0.4579562567891075,0.26540841255052827,0.27663533066036416,0.2226125144501727,0.08512602335877553,0.10406992243181594,0.030149880569661718
2026-08-23,Tianjin Jinmen Tiger,Henan Songshan Longmen,0.3830298639311765,0.2680979320492111,0.34887220401961244,0.17121577182169057,0.05990467586992468,0.14879484981317898,0.04947761280840295
2026-08-23,Tianjin Jinmen Tiger,Liaoning Tieren,0.49905317049108133,0.24360604225663984,0.2573407872522788,0.2656925452581392,0.11348297838395258,0.09962105022463152,0.03009318752313786
2026-08-23,Tianjin Jinmen Tiger,Meizhou Hakka,0.6440934272910662,0.19727902004117087,0.1586275526677629,0.4084712129608776,0.21379086929544078,0.052922862357562536,0.01374162433683938
2026-08-23,Tianjin Jinmen Tiger,Qingdao Hainiu,0.5290752621616992,0.24144627373854594,0.22947846409975486,0.28784091452977006,0.12554527937014992,0.08305767837154687,0.023266926036436396
2026-08-23,Tianjin Jinmen Tiger,Qingdao West Coast,0.45955944961434775,0.27260916133616414,0.26783138904948806,0.21918187371175799,0.08170499691940286,0.0964240453424436,0.02652027439940604
2026-08-23,Tianjin Jinmen Tiger,Shandong Taishan,0.37669047837474195,0.24239191550849587,0.3809176061167621,0.18074858973639224,0.0695421779578584,0.18371923034315488,0.07108201234254692
2026-08-23,Tianjin Jinmen Tiger,Shanghai Port,0.3711496927546714,0.2520037035955421,0.37684660364978656,0.1716127984016785,0.06296946964779988,0.17551682809271302,0.06491236154481902
2026-08-23,Tianjin Jinmen Tiger,Shanghai Shenhua,0.3134757912314227,0.2499046362436979,0.4366195725248793,0.13363545723997292,0.044872142076567624,0.21806710302855936,0.0869767450759967
2026-08-23,Tianjin Jinmen Tiger,Shenzhen Xinpengcheng,0.5634284896815995,0.23383333206576004,0.20273817825264043,0.31739407820135057,0.14380652004536743,0.06930530830547368,0.01824863185249515
2026-08-23,Tianjin Jinmen Tiger,Wuhan Three Towns,0.5268812315469802,0.23936931110428208,0.23374945734873773,0.2880807517796211,0.12659745099514977,0.08631167511738495,0.02475504917372145
2026-08-23,Tianjin Jinmen Tiger,Yunnan Yukun,0.46172006208992744,0.24442566313986025,0.2938542747702123,0.2392347756713453,0.09954664942583348,0.12296575365789454,0.04055522800724442
2026-08-23,Tianjin Jinmen Tiger,Zhejiang Professional,0.4432124216869232,0.2531053678726294,0.3036822104404474,0.2205387402621389,0.08735919181663707,0.12581834771904787,0.040846473213652194
2026-08-23,Wuhan Three Towns,Beijing Guoan,0.24852798159603845,0.2131732062696422,0.5382988121343194,0.10532618138469643,0.03583370772335349,0.31932701386955137,0.15684055057328938
2026-08-23,Wuhan Three Towns,Changchun Yatai,0.5838357476582108,0.22861168917797628,0.18755256316381294,0.3356742054393076,0.1555369982070317,0.06187747242262204,0.015678439840525412
2026-08-23,Wuhan Three Towns,Chengdu Rongcheng,0.2050190904930946,0.21042891228262361,0.5845519972242817,0.07757429148934687,0.023169838360262693,0.35446122136853064,0.1771286004712556
2026-08-23,Wuhan Three Towns,Chongqing Tonglianglong,0.4423557307318249,0.2760410378129358,0.2816032314552393,0.20590476379805372,0.07470190854448644,0.1035225967131087,0.029101770437545707
2026-08-23,Wuhan Three Towns,Dalian Yingbo,0.41480925960788095,0.24665783579108258,0.33853290460103647,0.20494468819813227,0.08107747106497774,0.15203437988411522,0.054214094710515026
2026-08-23,Wuhan Three Towns,Henan Songshan Longmen,0.3346431521454566,0.2418467485005812,0.4235100993539622,0.1517400848779708,0.054860009342162556,0.21412331962747633,0.08715627612614066
2026-08-23,Wuhan Three Towns,Liaoning Tieren,0.4534329428372124,0.2295109537162554,0.31705610344653223,0.24412848915016103,0.10733068389818437,0.14561217160650816,0.05382828863847709
2026-08-23,Wuhan Three Towns,Meizhou Hakka,0.6092911289710894,0.1933110126491742,0.19739785837973642,0.390249817154665,0.20962771624768964,0.07830403424673091,0.024909437913701718
2026-08-23,Wuhan Three Towns,Qingdao Hainiu,0.4875731750149826,0.22945083693973473,0.28297598804528273,0.2687715207098129,0.12085453865985071,0.12202287744965572,0.04198131025318384
2026-08-23,Wuhan Three Towns,Qingdao West Coast,0.4190252212869681,0.2535266159037054,0.32744816280932654,0.2036438695658716,0.07871190077279656,0.14131285760767442,0.048005713068222045
2026-08-23,Wuhan Three Towns,Shandong Taishan,0.32001059128793413,0.21670853492205117,0.46328087379001476,0.15431818682969803,0.06082000009201066,0.2611820304287268,0.1220825064207454
2026-08-23,Wuhan Three Towns,Shanghai Port,0.317436881974722,0.22522950898938887,0.45733360903588915,0.1480294657110414,0.055833132659544954,0.25017527789538685,0.11231040719081815
2026-08-23,Wuhan Three Towns,Shanghai Shenhua,0.2595065588314939,0.21630041988308146,0.5241930212854246,0.11155948242666201,0.038522873820073175,0.3062915367474832,0.14785760420753175
2026-08-23,Wuhan Three Towns,Shenzhen Xinpengcheng,0.5255313517009635,0.22415746859869312,0.25031117970034333,0.3002041272614811,0.14028859023209259,0.10220750830898924,0.03312072447392941
2026-08-23,Wuhan Three Towns,Tianjin Jinmen Tiger,0.40126333799706476,0.25807970770652333,0.34065695429641196,0.18882377503910971,0.07028985742108151,0.14800236374280623,0.05051898723178445
2026-08-23,Wuhan Three Towns,Yunnan Yukun,0.4114988535575388,0.22728347339092203,0.3612176730515392,0.21510614314750667,0.0919532272766244,0.17839832998516097,0.07168018701519446
2026-08-23,Wuhan Three Towns,Zhejiang Professional,0.39421366265910673,0.23379123446787503,0.37199510287301824,0.19833686579788246,0.08089909086143865,0.18237385167230188,0.07231731473877967
2026-08-23,Yunnan Yukun,Beijing Guoan,0.3170377501296886,0.21848134967394955,0.46448090019636185,0.15122218775968593,0.058788654481792386,0.26067019394927504,0.12102275810759483
2026-08-23,Yunnan Yukun,Changchun Yatai,0.6641848031119556,0.19439000856749236,0.14142518832055204,0.42439525674319933,0.2231183754432309,0.04381234293686671,0.010458387250561064
2026-08-23,Yunnan Yukun,Chengdu Rongcheng,0.2638682273495,0.22030237166909516,0.5158294009814048,0.11287404937380259,0.03867022246582512,0.296700685816072,0.1404202966332963
2026-08-23,Yunnan Yukun,Chongqing Tonglianglong,0.5185329659896537,0.2528276975583251,0.22863933645202114,0.2717249927958903,0.11295091175024283,0.07922344695829969,0.02103258291986007
2026-08-23,Yunnan Yukun,Dalian Yingbo,0.49608687036517646,0.22979976274458952,0.2741133668902341,0.2745594854737128,0.12383065081376836,0.11586993572903961,0.03895815224915119
2026-08-23,Yunnan Yukun,Henan Songshan Longmen,0.41064603484082457,0.23514432951500053,0.35420963564417496,0.2093017380286914,0.08645991651937619,0.16892918432199502,0.06490680518305918
2026-08-23,Yunnan Yukun,Liaoning Tieren,0.5400861106678985,0.20965336632234893,0.2502605230097526,0.32396354888306195,0.16158785947595866,0.10796024332588837,0.03756678502565868
2026-08-23,Yunnan Yukun,Meizhou Hakka,0.6963738191199114,0.16072741499477544,0.1428987658853132,0.49071436431512394,0.29603350801033407,0.05301652579508433,0.015831022608137593
2026-08-23,Yunnan Yukun,Qingdao Hainiu,0.5739381585938358,0.20565572394055823,0.22040611746560598,0.3520937278292833,0.179529506942013,0.0892286319089246,0.028893217801388312
2026-08-23,Yunnan Yukun,Qingdao West Coast,0.49892309616860714,0.23549901433920123,0.2655778894921917,0.27196599105741565,0.11999962407596322,0.10791610451426624,0.03458085183011319
2026-08-23,Yunnan Yukun,Shandong Taishan,0.40052356331417055,0.21371286290617758,0.3857635737796518,0.21616193609142328,0.09688595262892602,0.20500714234014478,0.09035043697154779
2026-08-23,Yunnan Yukun,Shanghai Port,0.39524755761517794,0.22189466000320207,0.38285778238162,0.2067075545240908,0.0888554253824006,0.1975321489797892,0.0836642258513702
2026-08-23,Yunnan Yukun,Shanghai Shenhua,0.3295657933704563,0.2202104630048093,0.4502237436247344,0.15938623919482844,0.06287207814108814,0.2487478078550117,0.11347122013400036
2026-08-23,Yunnan Yukun,Shenzhen Xinpengcheng,0.6117692462452871,0.19666166776534927,0.19156908598936367,0.3880758673197486,0.20534112171340124,0.07338274549674176,0.02237343601498626
2026-08-23,Yunnan Yukun,Tianjin Jinmen Tiger,0.4793765326214612,0.24179643388761207,0.27882703349092675,0.25345522028610057,0.1078529266109183,0.11413857557591615,0.03676723206313617
2026-08-23,Yunnan Yukun,Wuhan Three Towns,0.5711505177726833,0.20421111908448406,0.22463836314283261,0.351630113903314,0.1803794634140773,0.09260135653341872,0.030646724254009848
2026-08-23,Yunnan Yukun,Zhejiang Professional,0.47761043978238227,0.220585714681322,0.30180384553629575,0.2686810524779099,0.12466781676497761,0.13922443541566104,0.052020831446069095
2026-08-23,Zhejiang Professional,Beijing Guoan,0.3287275956616239,0.22587931799022642,0.44539308634814967,0.15575130008034213,0.059789911145391686,0.24094593506201603,0.10689017843961851
2026-08-23,Zhejiang Professional,Changchun Yatai,0.6663914601444437,0.1975553115120775,0.13605322834347877,0.42167913218143266,0.21838347777212092,0.040262088591714595,0.009111440999173223
2026-08-23,Zhejiang Professional,Chengdu Rongcheng,0.27509190408088735,0.22928199048551023,0.4956261054336024,0.11674568038153643,0.03944225789794128,0.27465292496240856,0.12410927760464473
2026-08-23,Zhejiang Professional,Chongqing Tonglianglong,0.5229454810056582,0.25778401166417647,0.21927050733016534,0.2708483410488786,0.1106861386328197,0.0725136904779158,0.018236074788763667
2026-08-23,Zhejiang Professional,Dalian Yingbo,0.5034058949898687,0.2341285586577072,0.26246554635242414,0.276206113400654,0.1228136072346924,0.10640290766865063,0.03402830120250506
2026-08-23,Zhejiang Professional,Henan Songshan Longmen,0.4200025250110908,0.24082138504701917,0.33917608994189,0.21230491991555442,0.08648080431028161,0.1553892028087464,0.056867943845841214
2026-08-23,Zhejiang Professional,Liaoning Tieren,0.5475570029968023,0.212995704595321,0.23944729240787668,0.3261048609295222,0.16062214179819145,0.09923751554925755,0.032901486028805584
2026-08-23,Zhejiang Professional,Meizhou Hakka,0.7003831549745796,0.16254159197136078,0.13707525305405963,0.4904445337706969,0.2925609880403782,0.04884646497586574,0.013896589730243413
2026-08-23,Zhejiang Professional,Qingdao Hainiu,0.5802119797306434,0.20873871594272808,0.2110493043266285,0.35324943064101144,0.1777953344970462,0.08199938491598545,0.02527489673276245
2026-08-23,Zhejiang Professional,Qingdao West Coast,0.5056223467838342,0.23998528696834015,0.25439236624782563,0.27304300197046266,0.11869047481776263,0.09902973627833182,0.030154264357519108
2026-08-23,Zhejiang Professional,Shandong Taishan,0.4119293473450582,0.2190472370020508,0.36902341565289093,0.221050799333853,0.09795661147902625,0.18906460488648685,0.07965145251938552
2026-08-23,Zhejiang Professional,Shanghai Port,0.4060154510799073,0.22753390011190466,0.3664506488081881,0.21092340151314812,0.089547929361161,0.18204920366202823,0.07361147049712939
2026-08-23,Zhejiang Professional,Shanghai Shenhua,0.34110818839036827,0.22732148725635043,0.4315703243532813,0.16385739261105664,0.06382311044771198,0.22978166296054034,0.10013361224789105
2026-08-23,Zhejiang Professional,Shenzhen Xinpengcheng,0.6169690810596941,0.19943545283509798,0.18359546610520797,0.3883697452652511,0.20283720422234752,0.06745544899137283,0.01956665107862283
2026-08-23,Zhejiang Professional,Tianjin Jinmen Tiger,0.4862394832643925,0.24666459559311044,0.2670959211424971,0.25458836342567476,0.1066900897785788,0.10471569922639894,0.032044796028829835
2026-08-23,Zhejiang Professional,Wuhan Three Towns,0.5777178448236928,0.2072437237083514,0.2150384314679558,0.35308079222928096,0.1788393533398666,0.08511277050366454,0.026824853684567402
2026-08-23,Zhejiang Professional,Yunnan Yukun,0.5065522867797082,0.216359815506237,0.2770878977140548,0.2934412295213964,0.14067896222778983,0.12374716719069621,0.04465760269997083
