home_team,away_team,matchday,season,round,kickoff_utc,status,close_lead_min,reported_at
Atlante,Monterrey,2026-09-25,Apertura 2026,10,2026-09-26T01:00:00Z,captured,9.2,2026-10-02T00:35:52Z
Tijuana,Atlas,2026-09-25,Apertura 2026,10,2026-09-26T03:00:00Z,early,14.0,2026-10-02T00:35:52Z
Cruz Azul,Toluca,2026-09-26,Apertura 2026,10,2026-09-26T22:50:00Z,missing,,2026-10-02T00:35:52Z
Guadalajara,Queretaro,2026-09-26,Apertura 2026,10,2026-09-26T23:07:00Z,missing,,2026-10-02T00:35:52Z
Santos Laguna,Pachuca,2026-09-26,Apertura 2026,10,2026-09-27T03:05:00Z,missing,,2026-10-02T00:35:52Z
Tigres UANL,Puebla,2026-09-26,Apertura 2026,10,2026-09-27T03:10:00Z,missing,,2026-10-02T00:35:52Z
UNAM Pumas,Atletico San Luis,2026-09-27,Apertura 2026,10,2026-09-27T18:00:00Z,missing,,2026-10-02T00:35:52Z
Leon,FC Juarez,2026-09-27,Apertura 2026,10,2026-09-28T01:00:00Z,missing,,2026-10-02T00:35:52Z
Necaxa,Club America,2026-09-27,Apertura 2026,10,2026-09-28T03:10:00Z,missing,,2026-10-02T00:35:52Z
