Country,League,Season,Round,Date,Time,Home,Away,HG,AG,Res,HxG,AxG,HExpG+,AExpG+,kickoff_utc,duel_open_h,duel_open_d,duel_open_a,duel_close_h,duel_close_d,duel_close_a,pinnacle_open_h,pinnacle_open_d,pinnacle_open_a,pinnacle_close_h,pinnacle_close_d,pinnacle_close_a,betfair_open_h,betfair_open_d,betfair_open_a,betfair_close_h,betfair_close_d,betfair_close_a
Major League Soccer,Major League Soccer,2026,1,2026-02-21,19:30,St.Louis City,Charlotte FC,1,1,D,,,,,2026-02-21T19:30:00Z,,,,,,,,,,,,,,,,,,
Major League Soccer,Major League Soccer,2026,1,2026-02-21,21:45,FC Cincinnati,Atlanta United,2,0,H,,,,,2026-02-21T21:45:00Z,,,,,,,,,,,,,,,,,,
Major League Soccer,Major League Soccer,2026,1,2026-02-21,00:30,DC United,Philadelphia Union,1,0,H,,,,,2026-02-22T00:30:00Z,,,,,,,,,,,,,,,,,,
Major League Soccer,Major League Soccer,2026,1,2026-02-21,00:30,Orlando City SC,New York Red Bulls,1,2,A,,,,,2026-02-22T00:30:00Z,,,,,,,,,,,,,,,,,,
Major League Soccer,Major League Soccer,2026,1,2026-02-21,00:30,Vancouver Whitecaps,Real Salt Lake,1,0,H,,,,,2026-02-22T00:30:00Z,,,,,,,,,,,,,,,,,,
Major League Soccer,Major League Soccer,2026,1,2026-02-21,01:30,Austin FC,Minnesota United,2,2,D,,,,,2026-02-22T01:30:00Z,,,,,,,,,,,,,,,,,,
Major League Soccer,Major League Soccer,2026,1,2026-02-21,01:30,FC Dallas,Toronto FC,3,2,H,,,,,2026-02-22T01:30:00Z,,,,,,,,,,,,,,,,,,
Major League Soccer,Major League Soccer,2026,1,2026-02-21,01:30,Houston Dynamo,Chicago Fire,2,1,H,,,,,2026-02-22T01:30:00Z,,,,,,,,,,,,,,,,,,
Major League Soccer,Major League Soccer,2026,1,2026-02-21,01:30,Nashville SC,New England Revolution,4,1,H,,,,,2026-02-22T01:30:00Z,,,,,,,,,,,,,,,,,,
Major League Soccer,Major League Soccer,2026,1,2026-02-21,02:30,Los Angeles FC,Inter Miami CF,3,0,H,,,,,2026-02-22T02:30:00Z,,,,,,,,,,,,,,,,,,
Major League Soccer,Major League Soccer,2026,1,2026-02-21,03:30,Portland Timbers,Columbus Crew,3,2,H,,,,,2026-02-22T03:30:00Z,,,,,,,,,,,,,,,,,,
Major League Soccer,Major League Soccer,2026,1,2026-02-21,03:30,San Diego FC,CF Montréal,5,0,H,,,,,2026-02-22T03:30:00Z,,,,,,,,,,,,,,,,,,
Major League Soccer,Major League Soccer,2026,1,2026-02-21,03:30,San Jose Earthquakes,Sporting Kansas City,3,0,H,,,,,2026-02-22T03:30:00Z,,,,,,,,,,,,,,,,,,
Major League Soccer,Major League Soccer,2026,1,2026-02-22,00:00,LA Galaxy,New York City FC,1,1,D,,,,,2026-02-23T00:00:00Z,,,,,,,,,,,,,,,,,,
Major League Soccer,Major League Soccer,2026,1,2026-02-22,02:15,Seattle Sounders FC,Colorado Rapids,2,0,H,,,,,2026-02-23T02:15:00Z,,,,,,,,,,,,,,,,,,
Major League Soccer,Major League Soccer,2026,2,2026-02-28,19:30,New York Red Bulls,New England Revolution,1,0,H,,,,,2026-02-28T19:30:00Z,,,,,,,,,,,,,,,,,,
Major League Soccer,Major League Soccer,2026,2,2026-02-28,19:30,Chicago Fire,CF Montréal,3,0,H,,,,,2026-02-28T19:30:00Z,,,,,,,,,,,,,,,,,,
Major League Soccer,Major League Soccer,2026,2,2026-02-28,21:30,Minnesota United,FC Cincinnati,1,0,H,,,,,2026-02-28T21:30:00Z,,,,,,,,,,,,,,,,,,
Major League Soccer,Major League Soccer,2026,2,2026-02-28,21:30,Colorado Rapids,Portland Timbers,2,0,H,,,,,2026-02-28T21:30:00Z,,,,,,,,,,,,,,,,,,
Major League Soccer,Major League Soccer,2026,2,2026-02-28,00:30,Real Salt Lake,Seattle Sounders FC,2,1,H,,,,,2026-03-01T00:30:00Z,,,,,,,,,,,,,,,,,,
Major League Soccer,Major League Soccer,2026,2,2026-02-28,00:30,San Jose Earthquakes,Atlanta United,2,0,H,,,,,2026-03-01T00:30:00Z,,,,,,,,,,,,,,,,,,
Major League Soccer,Major League Soccer,2026,2,2026-02-28,01:30,Houston Dynamo,Los Angeles FC,0,2,A,,,,,2026-03-01T01:30:00Z,,,,,,,,,,,,,,,,,,
Major League Soccer,Major League Soccer,2026,2,2026-02-28,01:30,Sporting Kansas City,Columbus Crew,2,2,D,,,,,2026-03-01T01:30:00Z,,,,,,,,,,,,,,,,,,
Major League Soccer,Major League Soccer,2026,2,2026-02-28,01:30,FC Dallas,Nashville SC,0,0,D,,,,,2026-03-01T01:30:00Z,,,,,,,,,,,,,,,,,,
Major League Soccer,Major League Soccer,2026,2,2026-02-28,02:30,Vancouver Whitecaps,Toronto FC,3,0,H,,,,,2026-03-01T02:30:00Z,,,,,,,,,,,,,,,,,,
Major League Soccer,Major League Soccer,2026,2,2026-02-28,03:30,LA Galaxy,Charlotte FC,3,0,H,,,,,2026-03-01T03:30:00Z,,,,,,,,,,,,,,,,,,
Major League Soccer,Major League Soccer,2026,2,2026-03-01,19:30,Austin FC,DC United,1,0,H,,,,,2026-03-01T19:30:00Z,,,,,,,,,,,,,,,,,,
Major League Soccer,Major League Soccer,2026,2,2026-03-01,21:30,Philadelphia Union,New York City FC,1,2,A,,,,,2026-03-01T21:30:00Z,,,,,,,,,,,,,,,,,,
Major League Soccer,Major League Soccer,2026,2,2026-03-01,00:00,Orlando City SC,Inter Miami CF,2,4,A,,,,,2026-03-02T00:00:00Z,,,,,,,,,,,,,,,,,,
Major League Soccer,Major League Soccer,2026,2,2026-03-01,02:15,San Diego FC,St.Louis City,2,0,H,,,,,2026-03-02T02:15:00Z,,,,,,,,,,,,,,,,,,
Major League Soccer,Major League Soccer,2026,3,2026-03-07,19:30,New York City FC,Orlando City SC,5,0,H,,,,,2026-03-07T19:30:00Z,,,,,,,,,,,,,,,,,,
Major League Soccer,Major League Soccer,2026,3,2026-03-07,21:30,DC United,Inter Miami CF,1,2,A,,,,,2026-03-07T21:30:00Z,,,,,,,,,,,,,,,,,,
Major League Soccer,Major League Soccer,2026,3,2026-03-07,00:30,Columbus Crew,Chicago Fire,0,0,D,,,,,2026-03-08T00:30:00Z,,,,,,,,,,,,,,,,,,
Major League Soccer,Major League Soccer,2026,3,2026-03-07,00:30,Philadelphia Union,San Jose Earthquakes,0,1,A,,,,,2026-03-08T00:30:00Z,,,,,,,,,,,,,,,,,,
Major League Soccer,Major League Soccer,2026,3,2026-03-07,00:30,Atlanta United,Real Salt Lake,2,3,A,,,,,2026-03-08T00:30:00Z,,,,,,,,,,,,,,,,,,
Major League Soccer,Major League Soccer,2026,3,2026-03-07,00:30,Charlotte FC,Austin FC,3,1,H,,,,,2026-03-08T00:30:00Z,,,,,,,,,,,,,,,,,,
Major League Soccer,Major League Soccer,2026,3,2026-03-07,01:30,St.Louis City,Seattle Sounders FC,0,1,A,,,,,2026-03-08T01:30:00Z,,,,,,,,,,,,,,,,,,
Major League Soccer,Major League Soccer,2026,3,2026-03-07,01:30,Nashville SC,Minnesota United,3,1,H,,,,,2026-03-08T01:30:00Z,,,,,,,,,,,,,,,,,,
Major League Soccer,Major League Soccer,2026,3,2026-03-07,01:30,Sporting Kansas City,San Diego FC,0,1,A,,,,,2026-03-08T01:30:00Z,,,,,,,,,,,,,,,,,,
Major League Soccer,Major League Soccer,2026,3,2026-03-07,02:30,Colorado Rapids,LA Galaxy,4,1,H,,,,,2026-03-08T02:30:00Z,,,,,,,,,,,,,,,,,,
Major League Soccer,Major League Soccer,2026,3,2026-03-07,03:30,Los Angeles FC,FC Dallas,1,0,H,,,,,2026-03-08T03:30:00Z,,,,,,,,,,,,,,,,,,
Major League Soccer,Major League Soccer,2026,3,2026-03-07,03:30,Portland Timbers,Vancouver Whitecaps,1,4,A,,,,,2026-03-08T03:30:00Z,,,,,,,,,,,,,,,,,,
Major League Soccer,Major League Soccer,2026,3,2026-03-08,23:00,FC Cincinnati,Toronto FC,0,1,A,,,,,2026-03-08T23:00:00Z,,,,,,,,,,,,,,,,,,
Major League Soccer,Major League Soccer,2026,3,2026-03-08,20:30,New York Red Bulls,CF Montréal,0,3,A,,,,,2026-03-08T20:30:00Z,,,,,,,,,,,,,,,,,,
Major League Soccer,Major League Soccer,2026,3,2026-08-08,20:30,New England Revolution,Houston Dynamo,0,2,A,,,,,2026-08-08T20:30:00Z,,,,,,,,,,,,,,,,,,
Major League Soccer,Major League Soccer,2026,4,2026-03-14,19:15,Atlanta United,Philadelphia Union,3,1,H,,,,,2026-03-14T19:15:00Z,,,,,,,,,,,,,,,,,,
Major League Soccer,Major League Soccer,2026,4,2026-03-14,17:00,Toronto FC,New York Red Bulls,1,1,D,,,,,2026-03-14T17:00:00Z,,,,,,,,,,,,,,,,,,
Major League Soccer,Major League Soccer,2026,4,2026-03-14,22:15,Columbus Crew,Nashville SC,0,1,A,,,,,2026-03-14T22:15:00Z,,,,,,,,,,,,,,,,,,
Major League Soccer,Major League Soccer,2026,4,2026-03-14,23:30,Charlotte FC,Inter Miami CF,0,0,D,,,,,2026-03-14T23:30:00Z,,,,,,,,,,,,,,,,,,
Major League Soccer,Major League Soccer,2026,4,2026-03-14,23:30,Orlando City SC,CF Montréal,2,1,H,,,,,2026-03-14T23:30:00Z,,,,,,,,,,,,,,,,,,
Major League Soccer,Major League Soccer,2026,4,2026-03-14,23:30,New York City FC,Colorado Rapids,3,1,H,,,,,2026-03-14T23:30:00Z,,,,,,,,,,,,,,,,,,
Major League Soccer,Major League Soccer,2026,4,2026-03-14,00:30,FC Dallas,San Diego FC,3,3,D,,,,,2026-03-15T00:30:00Z,,,,,,,,,,,,,,,,,,
Major League Soccer,Major League Soccer,2026,4,2026-03-14,00:30,Chicago Fire,DC United,1,2,A,,,,,2026-03-15T00:30:00Z,,,,,,,,,,,,,,,,,,
Major League Soccer,Major League Soccer,2026,4,2026-03-14,00:30,Houston Dynamo,Portland Timbers,3,2,H,,,,,2026-03-15T00:30:00Z,,,,,,,,,,,,,,,,,,
Major League Soccer,Major League Soccer,2026,4,2026-03-14,01:30,LA Galaxy,Sporting Kansas City,1,2,A,,,,,2026-03-15T01:30:00Z,,,,,,,,,,,,,,,,,,
Major League Soccer,Major League Soccer,2026,4,2026-03-14,01:30,Real Salt Lake,Austin FC,2,1,H,,,,,2026-03-15T01:30:00Z,,,,,,,,,,,,,,,,,,
Major League Soccer,Major League Soccer,2026,4,2026-03-14,02:30,Los Angeles FC,St.Louis City,2,0,H,,,,,2026-03-15T02:30:00Z,,,,,,,,,,,,,,,,,,
Major League Soccer,Major League Soccer,2026,4,2026-03-15,20:30,Vancouver Whitecaps,Minnesota United,6,0,H,,,,,2026-03-15T20:30:00Z,,,,,,,,,,,,,,,,,,
Major League Soccer,Major League Soccer,2026,4,2026-03-15,18:30,New England Revolution,FC Cincinnati,6,1,H,,,,,2026-03-15T18:30:00Z,,,,,,,,,,,,,,,,,,
Major League Soccer,Major League Soccer,2026,4,2026-03-15,23:00,San Jose Earthquakes,Seattle Sounders FC,0,1,A,,,,,2026-03-15T23:00:00Z,,,,,,,,,,,,,,,,,,
Major League Soccer,Major League Soccer,2026,5,2026-03-21,20:30,Philadelphia Union,Chicago Fire,1,2,A,,,,,2026-03-21T20:30:00Z,,,,,,,,,,,,,,,,,,
Major League Soccer,Major League Soccer,2026,5,2026-03-21,17:00,Toronto FC,Columbus Crew,2,1,H,,,,,2026-03-21T17:00:00Z,,,,,,,,,,,,,,,,,,
Major League Soccer,Major League Soccer,2026,5,2026-03-21,22:15,Nashville SC,Orlando City SC,5,0,H,,,,,2026-03-21T22:15:00Z,,,,,,,,,,,,,,,,,,
Major League Soccer,Major League Soccer,2026,5,2026-03-21,23:30,Atlanta United,DC United,0,0,D,,,,,2026-03-21T23:30:00Z,,,,,,,,,,,,,,,,,,
Major League Soccer,Major League Soccer,2026,5,2026-03-21,23:30,Charlotte FC,New York Red Bulls,6,1,H,,,,,2026-03-21T23:30:00Z,,,,,,,,,,,,,,,,,,
Major League Soccer,Major League Soccer,2026,5,2026-03-21,00:45,Austin FC,Los Angeles FC,0,0,D,,,,,2026-03-22T00:45:00Z,,,,,,,,,,,,,,,,,,
Major League Soccer,Major League Soccer,2026,5,2026-03-21,00:30,FC Dallas,Houston Dynamo,4,3,H,,,,,2026-03-22T00:30:00Z,,,,,,,,,,,,,,,,,,
Major League Soccer,Major League Soccer,2026,5,2026-03-21,00:30,Sporting Kansas City,Colorado Rapids,1,4,A,,,,,2026-03-22T00:30:00Z,,,,,,,,,,,,,,,,,,
Major League Soccer,Major League Soccer,2026,5,2026-03-21,00:30,St.Louis City,New England Revolution,3,1,H,,,,,2026-03-22T00:30:00Z,,,,,,,,,,,,,,,,,,
Major League Soccer,Major League Soccer,2026,5,2026-03-21,02:30,Vancouver Whitecaps,San Jose Earthquakes,0,1,A,,,,,2026-03-22T02:30:00Z,,,,,,,,,,,,,,,,,,
Major League Soccer,Major League Soccer,2026,5,2026-03-22,17:00,FC Cincinnati,CF Montréal,4,3,H,,,,,2026-03-22T17:00:00Z,,,,,,,,,,,,,,,,,,
Major League Soccer,Major League Soccer,2026,5,2026-03-22,17:00,New York City FC,Inter Miami CF,2,3,A,,,,,2026-03-22T17:00:00Z,,,,,,,,,,,,,,,,,,
Major League Soccer,Major League Soccer,2026,5,2026-03-22,18:30,Minnesota United,Seattle Sounders FC,0,0,D,,,,,2026-03-22T18:30:00Z,,,,,,,,,,,,,,,,,,
Major League Soccer,Major League Soccer,2026,5,2026-03-22,20:45,Portland Timbers,LA Galaxy,1,1,D,,,,,2026-03-22T20:45:00Z,,,,,,,,,,,,,,,,,,
Major League Soccer,Major League Soccer,2026,5,2026-03-22,23:00,San Diego FC,Real Salt Lake,2,2,D,,,,,2026-03-22T23:00:00Z,,,,,,,,,,,,,,,,,,
Major League Soccer,Major League Soccer,2026,6,2026-04-04,17:00,Toronto FC,Colorado Rapids,3,2,H,,,,,2026-04-04T17:00:00Z,,,,,,,,,,,,,,,,,,
Major League Soccer,Major League Soccer,2026,6,2026-04-04,20:30,New England Revolution,CF Montréal,3,0,H,,,,,2026-04-04T20:30:00Z,,,,,,,,,,,,,,,,,,
Major League Soccer,Major League Soccer,2026,6,2026-04-04,20:30,Real Salt Lake,Sporting Kansas City,3,1,H,,,,,2026-04-04T20:30:00Z,,,,,,,,,,,,,,,,,,
Major League Soccer,Major League Soccer,2026,6,2026-04-04,23:30,Inter Miami CF,Austin FC,2,2,D,,,,,2026-04-04T23:30:00Z,,,,,,,,,,,,,,,,,,
Major League Soccer,Major League Soccer,2026,6,2026-04-04,23:30,Atlanta United,Columbus Crew,1,3,A,,,,,2026-04-04T23:30:00Z,,,,,,,,,,,,,,,,,,
Major League Soccer,Major League Soccer,2026,6,2026-04-04,23:30,New York Red Bulls,FC Cincinnati,4,2,H,,,,,2026-04-04T23:30:00Z,,,,,,,,,,,,,,,,,,
Major League Soccer,Major League Soccer,2026,6,2026-04-04,23:30,Charlotte FC,Philadelphia Union,2,1,H,,,,,2026-04-04T23:30:00Z,,,,,,,,,,,,,,,,,,
Major League Soccer,Major League Soccer,2026,6,2026-04-04,23:30,New York City FC,St.Louis City,1,1,D,,,,,2026-04-04T23:30:00Z,,,,,,,,,,,,,,,,,,
Major League Soccer,Major League Soccer,2026,6,2026-04-04,23:30,DC United,FC Dallas,0,4,A,,,,,2026-04-04T23:30:00Z,,,,,,,,,,,,,,,,,,
Major League Soccer,Major League Soccer,2026,6,2026-04-04,00:30,Houston Dynamo,Seattle Sounders FC,0,1,A,,,,,2026-04-05T00:30:00Z,,,,,,,,,,,,,,,,,,
Major League Soccer,Major League Soccer,2026,6,2026-04-04,00:30,Chicago Fire,Nashville SC,1,0,H,,,,,2026-04-05T00:30:00Z,,,,,,,,,,,,,,,,,,
Major League Soccer,Major League Soccer,2026,6,2026-04-04,01:30,Los Angeles FC,Orlando City SC,6,0,H,,,,,2026-04-05T01:30:00Z,,,,,,,,,,,,,,,,,,
Major League Soccer,Major League Soccer,2026,6,2026-04-04,02:30,LA Galaxy,Minnesota United,1,2,A,,,,,2026-04-05T02:30:00Z,,,,,,,,,,,,,,,,,,
Major League Soccer,Major League Soccer,2026,6,2026-04-04,02:30,Vancouver Whitecaps,Portland Timbers,3,2,H,,,,,2026-04-05T02:30:00Z,,,,,,,,,,,,,,,,,,
Major League Soccer,Major League Soccer,2026,6,2026-04-04,02:30,San Jose Earthquakes,San Diego FC,3,0,H,,,,,2026-04-05T02:30:00Z,,,,,,,,,,,,,,,,,,
Major League Soccer,Major League Soccer,2026,7,2026-04-11,18:30,Austin FC,LA Galaxy,1,2,A,,,,,2026-04-11T18:30:00Z,,,,,,,,,,,,,,,,,,
Major League Soccer,Major League Soccer,2026,7,2026-04-11,17:00,Toronto FC,FC Cincinnati,1,1,D,,,,,2026-04-11T17:00:00Z,,,,,,,,,,,,,,,,,,
Major League Soccer,Major League Soccer,2026,7,2026-04-11,20:45,Portland Timbers,Los Angeles FC,2,1,H,,,,,2026-04-11T20:45:00Z,,,,,,,,,,,,,,,,,,
Major League Soccer,Major League Soccer,2026,7,2026-04-11,23:30,Inter Miami CF,New York Red Bulls,2,2,D,,,,,2026-04-11T23:30:00Z,,,,,,,,,,,,,,,,,,
Major League Soccer,Major League Soccer,2026,7,2026-04-11,23:30,Vancouver Whitecaps,New York City FC,2,0,H,,,,,2026-04-11T23:30:00Z,,,,,,,,,,,,,,,,,,
Major League Soccer,Major League Soccer,2026,7,2026-04-11,23:30,Charlotte FC,Nashville SC,1,2,A,,,,,2026-04-11T23:30:00Z,,,,,,,,,,,,,,,,,,
Major League Soccer,Major League Soccer,2026,7,2026-04-11,23:30,New England Revolution,DC United,1,0,H,,,,,2026-04-11T23:30:00Z,,,,,,,,,,,,,,,,,,
Major League Soccer,Major League Soccer,2026,7,2026-04-11,18:30,CF Montréal,Philadelphia Union,1,2,A,,,,,2026-04-11T18:30:00Z,,,,,,,,,,,,,,,,,,
Major League Soccer,Major League Soccer,2026,7,2026-04-11,00:30,Chicago Fire,Atlanta United,1,0,H,,,,,2026-04-12T00:30:00Z,,,,,,,,,,,,,,,,,,
Major League Soccer,Major League Soccer,2026,7,2026-04-11,00:30,FC Dallas,St.Louis City,1,1,D,,,,,2026-04-12T00:30:00Z,,,,,,,,,,,,,,,,,,
Major League Soccer,Major League Soccer,2026,7,2026-04-11,00:30,Sporting Kansas City,San Jose Earthquakes,1,3,A,,,,,2026-04-12T00:30:00Z,,,,,,,,,,,,,,,,,,
Major League Soccer,Major League Soccer,2026,7,2026-04-11,01:30,Colorado Rapids,Houston Dynamo,6,2,H,,,,,2026-04-12T01:30:00Z,,,,,,,,,,,,,,,,,,
Major League Soccer,Major League Soccer,2026,7,2026-04-11,02:30,San Diego FC,Minnesota United,1,2,A,,,,,2026-04-12T02:30:00Z,,,,,,,,,,,,,,,,,,
Major League Soccer,Major League Soccer,2026,7,2026-04-12,23:00,Columbus Crew,Orlando City SC,1,1,D,,,,,2026-04-12T23:00:00Z,,,,,,,,,,,,,,,,,,
Major League Soccer,Major League Soccer,2026,8,2026-04-17,02:30,Vancouver Whitecaps,Sporting Kansas City,3,0,H,,,,,2026-04-18T02:30:00Z,,,,,,,,,,,,,,,,,,
Major League Soccer,Major League Soccer,2026,8,2026-04-18,17:00,Toronto FC,Austin FC,3,3,D,,,,,2026-04-18T17:00:00Z,,,,,,,,,,,,,,,,,,
Major League Soccer,Major League Soccer,2026,8,2026-04-18,20:30,Colorado Rapids,Inter Miami CF,2,3,A,,,,,2026-04-18T20:30:00Z,,,,,,,,,,,,,,,,,,
Major League Soccer,Major League Soccer,2026,8,2026-04-18,23:30,Atlanta United,Nashville SC,0,2,A,,,,,2026-04-18T23:30:00Z,,,,,,,,,,,,,,,,,,
Major League Soccer,Major League Soccer,2026,8,2026-04-18,23:30,FC Cincinnati,Chicago Fire,3,3,D,,,,,2026-04-18T23:30:00Z,,,,,,,,,,,,,,,,,,
Major League Soccer,Major League Soccer,2026,8,2026-04-18,23:30,New England Revolution,Columbus Crew,2,1,H,,,,,2026-04-18T23:30:00Z,,,,,,,,,,,,,,,,,,
Major League Soccer,Major League Soccer,2026,8,2026-04-18,23:30,Philadelphia Union,DC United,0,0,D,,,,,2026-04-18T23:30:00Z,,,,,,,,,,,,,,,,,,
Major League Soccer,Major League Soccer,2026,8,2026-04-18,23:30,New York City FC,Charlotte FC,1,2,A,,,,,2026-04-18T23:30:00Z,,,,,,,,,,,,,,,,,,
Major League Soccer,Major League Soccer,2026,8,2026-04-18,23:30,Orlando City SC,Houston Dynamo,0,1,A,,,,,2026-04-18T23:30:00Z,,,,,,,,,,,,,,,,,,
Major League Soccer,Major League Soccer,2026,8,2026-04-18,18:30,CF Montréal,New York Red Bulls,4,1,H,,,,,2026-04-18T18:30:00Z,,,,,,,,,,,,,,,,,,
Major League Soccer,Major League Soccer,2026,8,2026-04-18,00:30,FC Dallas,LA Galaxy,2,2,D,,,,,2026-04-19T00:30:00Z,,,,,,,,,,,,,,,,,,
Major League Soccer,Major League Soccer,2026,8,2026-04-18,00:30,Minnesota United,Portland Timbers,2,0,H,,,,,2026-04-19T00:30:00Z,,,,,,,,,,,,,,,,,,
Major League Soccer,Major League Soccer,2026,8,2026-04-18,01:30,Seattle Sounders FC,St.Louis City,4,1,H,,,,,2026-04-19T01:30:00Z,,,,,,,,,,,,,,,,,,
Major League Soccer,Major League Soccer,2026,8,2026-04-18,01:30,Real Salt Lake,San Diego FC,4,2,H,,,,,2026-04-19T01:30:00Z,,,,,,,,,,,,,,,,,,
Major League Soccer,Major League Soccer,2026,8,2026-04-19,23:00,Los Angeles FC,San Jose Earthquakes,1,4,A,,,,,2026-04-19T23:00:00Z,,,,,,,,,,,,,,,,,,
Major League Soccer,Major League Soccer,2026,9,2026-04-22,23:30,Columbus Crew,LA Galaxy,2,1,H,,,,,2026-04-22T23:30:00Z,,,,,,,,,,,,,,,,,,
Major League Soccer,Major League Soccer,2026,9,2026-04-22,23:30,New York City FC,FC Cincinnati,4,4,D,,,,,2026-04-22T23:30:00Z,,,,,,,,,,,,,,,,,,
Major League Soccer,Major League Soccer,2026,9,2026-04-22,23:30,Toronto FC,Philadelphia Union,3,3,D,,,,,2026-04-22T23:30:00Z,,,,,,,,,,,,,,,,,,
Major League Soccer,Major League Soccer,2026,9,2026-04-22,23:30,Orlando City SC,Charlotte FC,4,1,H,,,,,2026-04-22T23:30:00Z,,,,,,,,,,,,,,,,,,
Major League Soccer,Major League Soccer,2026,9,2026-04-22,23:45,Atlanta United,New England Revolution,1,2,A,,,,,2026-04-22T23:45:00Z,,,,,,,,,,,,,,,,,,
Major League Soccer,Major League Soccer,2026,9,2026-04-22,23:30,New York Red Bulls,DC United,4,4,D,,,,,2026-04-22T23:30:00Z,,,,,,,,,,,,,,,,,,
Major League Soccer,Major League Soccer,2026,9,2026-04-22,00:30,FC Dallas,Minnesota United,0,1,A,,,,,2026-04-23T00:30:00Z,,,,,,,,,,,,,,,,,,
Major League Soccer,Major League Soccer,2026,9,2026-04-22,00:30,Houston Dynamo,San Diego FC,1,0,H,,,,,2026-04-23T00:30:00Z,,,,,,,,,,,,,,,,,,
Major League Soccer,Major League Soccer,2026,9,2026-04-22,01:30,Real Salt Lake,Inter Miami CF,0,2,A,,,,,2026-04-23T01:30:00Z,,,,,,,,,,,,,,,,,,
Major League Soccer,Major League Soccer,2026,9,2026-04-22,02:30,Los Angeles FC,Colorado Rapids,0,0,D,,,,,2026-04-23T02:30:00Z,,,,,,,,,,,,,,,,,,
Major League Soccer,Major League Soccer,2026,9,2026-04-22,02:30,San Jose Earthquakes,Austin FC,5,1,H,,,,,2026-04-23T02:30:00Z,,,,,,,,,,,,,,,,,,
Major League Soccer,Major League Soccer,2026,10,2026-04-25,20:45,Minnesota United,Los Angeles FC,0,1,A,,,,,2026-04-25T20:45:00Z,,,,,,,,,,,,,,,,,,
Major League Soccer,Major League Soccer,2026,10,2026-04-25,17:00,Toronto FC,Atlanta United,1,2,A,,,,,2026-04-25T17:00:00Z,,,,,,,,,,,,,,,,,,
Major League Soccer,Major League Soccer,2026,10,2026-04-25,23:30,Inter Miami CF,New England Revolution,1,1,D,,,,,2026-04-25T23:30:00Z,,,,,,,,,,,,,,,,,,
Major League Soccer,Major League Soccer,2026,10,2026-04-25,23:30,Columbus Crew,Philadelphia Union,2,0,H,,,,,2026-04-25T23:30:00Z,,,,,,,,,,,,,,,,,,
Major League Soccer,Major League Soccer,2026,10,2026-04-25,23:30,FC Cincinnati,New York Red Bulls,2,0,H,,,,,2026-04-25T23:30:00Z,,,,,,,,,,,,,,,,,,
Major League Soccer,Major League Soccer,2026,10,2026-04-25,23:30,DC United,Orlando City SC,3,2,H,,,,,2026-04-25T23:30:00Z,,,,,,,,,,,,,,,,,,
Major League Soccer,Major League Soccer,2026,10,2026-04-25,18:30,CF Montréal,New York City FC,1,0,H,,,,,2026-04-25T18:30:00Z,,,,,,,,,,,,,,,,,,
Major League Soccer,Major League Soccer,2026,10,2026-04-25,00:30,Nashville SC,Charlotte FC,4,2,H,,,,,2026-04-26T00:30:00Z,,,,,,,,,,,,,,,,,,
Major League Soccer,Major League Soccer,2026,10,2026-04-25,00:30,Chicago Fire,Sporting Kansas City,5,0,H,,,,,2026-04-26T00:30:00Z,,,,,,,,,,,,,,,,,,
Major League Soccer,Major League Soccer,2026,10,2026-04-25,00:30,Austin FC,Houston Dynamo,2,0,H,,,,,2026-04-26T00:30:00Z,,,,,,,,,,,,,,,,,,
Major League Soccer,Major League Soccer,2026,10,2026-04-25,00:30,St.Louis City,San Jose Earthquakes,2,3,A,,,,,2026-04-26T00:30:00Z,,,,,,,,,,,,,,,,,,
Major League Soccer,Major League Soccer,2026,10,2026-04-25,01:30,San Diego FC,Portland Timbers,1,2,A,,,,,2026-04-26T01:30:00Z,,,,,,,,,,,,,,,,,,
Major League Soccer,Major League Soccer,2026,10,2026-04-25,02:30,Seattle Sounders FC,FC Dallas,2,1,H,,,,,2026-04-26T02:30:00Z,,,,,,,,,,,,,,,,,,
Major League Soccer,Major League Soccer,2026,10,2026-04-25,02:30,Vancouver Whitecaps,Colorado Rapids,3,1,H,,,,,2026-04-26T02:30:00Z,,,,,,,,,,,,,,,,,,
Major League Soccer,Major League Soccer,2026,10,2026-04-26,23:00,LA Galaxy,Real Salt Lake,2,1,H,,,,,2026-04-26T23:00:00Z,,,,,,,,,,,,,,,,,,
Major League Soccer,Major League Soccer,2026,11,2026-05-02,18:30,Sporting Kansas City,Seattle Sounders FC,1,1,D,,,,,2026-05-02T18:30:00Z,,,,,,,,,,,,,,,,,,
Major League Soccer,Major League Soccer,2026,11,2026-05-02,20:45,Real Salt Lake,Portland Timbers,2,0,H,,,,,2026-05-02T20:45:00Z,,,,,,,,,,,,,,,,,,
Major League Soccer,Major League Soccer,2026,11,2026-05-02,23:15,Inter Miami CF,Orlando City SC,3,4,A,,,,,2026-05-02T23:15:00Z,,,,,,,,,,,,,,,,,,
Major League Soccer,Major League Soccer,2026,11,2026-05-02,23:30,Philadelphia Union,Nashville SC,0,0,D,,,,,2026-05-02T23:30:00Z,,,,,,,,,,,,,,,,,,
Major League Soccer,Major League Soccer,2026,11,2026-05-02,23:30,Columbus Crew,Minnesota United,2,3,A,,,,,2026-05-02T23:30:00Z,,,,,,,,,,,,,,,,,,
Major League Soccer,Major League Soccer,2026,11,2026-05-02,23:30,Atlanta United,CF Montréal,3,1,H,,,,,2026-05-02T23:30:00Z,,,,,,,,,,,,,,,,,,
Major League Soccer,Major League Soccer,2026,11,2026-05-02,23:30,New York Red Bulls,FC Dallas,0,2,A,,,,,2026-05-02T23:30:00Z,,,,,,,,,,,,,,,,,,
Major League Soccer,Major League Soccer,2026,11,2026-05-02,23:30,New England Revolution,Charlotte FC,1,0,H,,,,,2026-05-02T23:30:00Z,,,,,,,,,,,,,,,,,,
Major League Soccer,Major League Soccer,2026,11,2026-05-02,17:00,Toronto FC,San Jose Earthquakes,1,1,D,,,,,2026-05-02T17:00:00Z,,,,,,,,,,,,,,,,,,
Major League Soccer,Major League Soccer,2026,11,2026-05-02,00:30,Chicago Fire,FC Cincinnati,2,3,A,,,,,2026-05-03T00:30:00Z,,,,,,,,,,,,,,,,,,
Major League Soccer,Major League Soccer,2026,11,2026-05-02,00:30,Houston Dynamo,Colorado Rapids,1,0,H,,,,,2026-05-03T00:30:00Z,,,,,,,,,,,,,,,,,,
Major League Soccer,Major League Soccer,2026,11,2026-05-02,01:30,San Diego FC,Los Angeles FC,2,2,D,,,,,2026-05-03T01:30:00Z,,,,,,,,,,,,,,,,,,
Major League Soccer,Major League Soccer,2026,11,2026-05-02,02:30,LA Galaxy,Vancouver Whitecaps,1,1,D,,,,,2026-05-03T02:30:00Z,,,,,,,,,,,,,,,,,,
Major League Soccer,Major League Soccer,2026,11,2026-05-03,19:00,New York City FC,DC United,0,2,A,,,,,2026-05-03T19:00:00Z,,,,,,,,,,,,,,,,,,
Major League Soccer,Major League Soccer,2026,11,2026-05-03,21:30,Austin FC,St.Louis City,2,0,H,,,,,2026-05-03T21:30:00Z,,,,,,,,,,,,,,,,,,
Major League Soccer,Major League Soccer,2026,12,2026-05-09,18:30,Chicago Fire,New York Red Bulls,1,3,A,,,,,2026-05-09T18:30:00Z,,,,,,,,,,,,,,,,,,
Major League Soccer,Major League Soccer,2026,12,2026-05-09,23:30,Atlanta United,LA Galaxy,1,2,A,,,,,2026-05-09T23:30:00Z,,,,,,,,,,,,,,,,,,
Major League Soccer,Major League Soccer,2026,12,2026-05-09,23:30,Charlotte FC,FC Cincinnati,2,2,D,,,,,2026-05-09T23:30:00Z,,,,,,,,,,,,,,,,,,
Major League Soccer,Major League Soccer,2026,12,2026-05-09,23:30,New England Revolution,Philadelphia Union,2,1,H,,,,,2026-05-09T23:30:00Z,,,,,,,,,,,,,,,,,,
Major League Soccer,Major League Soccer,2026,12,2026-05-09,17:00,Toronto FC,Inter Miami CF,2,4,A,,,,,2026-05-09T17:00:00Z,,,,,,,,,,,,,,,,,,
Major League Soccer,Major League Soccer,2026,12,2026-05-09,20:30,CF Montréal,Orlando City SC,2,0,H,,,,,2026-05-09T20:30:00Z,,,,,,,,,,,,,,,,,,
Major League Soccer,Major League Soccer,2026,12,2026-05-09,00:30,FC Dallas,Real Salt Lake,3,1,H,,,,,2026-05-10T00:30:00Z,,,,,,,,,,,,,,,,,,
Major League Soccer,Major League Soccer,2026,12,2026-05-09,01:15,Nashville SC,DC United,2,2,D,,,,,2026-05-10T01:15:00Z,,,,,,,,,,,,,,,,,,
Major League Soccer,Major League Soccer,2026,12,2026-05-09,01:30,Colorado Rapids,St.Louis City,0,1,A,,,,,2026-05-10T01:30:00Z,,,,,,,,,,,,,,,,,,
Major League Soccer,Major League Soccer,2026,12,2026-05-09,02:30,Seattle Sounders FC,San Diego FC,1,1,D,,,,,2026-05-10T02:30:00Z,,,,,,,,,,,,,,,,,,
Major League Soccer,Major League Soccer,2026,12,2026-05-09,02:30,San Jose Earthquakes,Vancouver Whitecaps,1,1,D,,,,,2026-05-10T02:30:00Z,,,,,,,,,,,,,,,,,,
Major League Soccer,Major League Soccer,2026,12,2026-05-09,02:30,Portland Timbers,Sporting Kansas City,6,0,H,,,,,2026-05-10T02:30:00Z,,,,,,,,,,,,,,,,,,
Major League Soccer,Major League Soccer,2026,12,2026-05-10,20:30,New York City FC,Columbus Crew,3,0,H,,,,,2026-05-10T20:30:00Z,,,,,,,,,,,,,,,,,,
Major League Soccer,Major League Soccer,2026,12,2026-05-10,23:00,Minnesota United,Austin FC,2,2,D,,,,,2026-05-10T23:00:00Z,,,,,,,,,,,,,,,,,,
Major League Soccer,Major League Soccer,2026,12,2026-05-10,01:00,Los Angeles FC,Houston Dynamo,1,4,A,,,,,2026-05-11T01:00:00Z,,,,,,,,,,,,,,,,,,
Major League Soccer,Major League Soccer,2026,13,2026-05-13,23:15,Charlotte FC,New York City FC,0,1,A,,,,,2026-05-13T23:15:00Z,,,,,,,,,,,,,,,,,,
Major League Soccer,Major League Soccer,2026,13,2026-05-13,23:30,FC Cincinnati,Inter Miami CF,3,5,A,,,,,2026-05-13T23:30:00Z,,,,,,,,,,,,,,,,,,
Major League Soccer,Major League Soccer,2026,13,2026-05-13,23:30,Orlando City SC,Philadelphia Union,4,3,H,,,,,2026-05-13T23:30:00Z,,,,,,,,,,,,,,,,,,
Major League Soccer,Major League Soccer,2026,13,2026-05-13,23:30,New York Red Bulls,Columbus Crew,3,2,H,,,,,2026-05-13T23:30:00Z,,,,,,,,,,,,,,,,,,
Major League Soccer,Major League Soccer,2026,13,2026-05-13,23:30,New England Revolution,Nashville SC,0,3,A,,,,,2026-05-13T23:30:00Z,,,,,,,,,,,,,,,,,,
Major League Soccer,Major League Soccer,2026,13,2026-05-13,23:30,CF Montréal,Portland Timbers,2,2,D,,,,,2026-05-13T23:30:00Z,,,,,,,,,,,,,,,,,,
Major League Soccer,Major League Soccer,2026,13,2026-05-13,23:30,DC United,Chicago Fire,1,3,A,,,,,2026-05-13T23:30:00Z,,,,,,,,,,,,,,,,,,
Major League Soccer,Major League Soccer,2026,13,2026-05-13,00:30,St.Louis City,Los Angeles FC,2,1,H,,,,,2026-05-14T00:30:00Z,,,,,,,,,,,,,,,,,,
Major League Soccer,Major League Soccer,2026,13,2026-05-13,00:30,Sporting Kansas City,LA Galaxy,3,1,H,,,,,2026-05-14T00:30:00Z,,,,,,,,,,,,,,,,,,
Major League Soccer,Major League Soccer,2026,13,2026-05-13,00:30,FC Dallas,Vancouver Whitecaps,2,3,A,,,,,2026-05-14T00:30:00Z,,,,,,,,,,,,,,,,,,
Major League Soccer,Major League Soccer,2026,13,2026-05-13,00:30,Minnesota United,Colorado Rapids,0,1,A,,,,,2026-05-14T00:30:00Z,,,,,,,,,,,,,,,,,,
Major League Soccer,Major League Soccer,2026,13,2026-05-13,01:30,Seattle Sounders FC,San Jose Earthquakes,3,2,H,,,,,2026-05-14T01:30:00Z,,,,,,,,,,,,,,,,,,
Major League Soccer,Major League Soccer,2026,13,2026-05-13,01:30,San Diego FC,Austin FC,5,0,H,,,,,2026-05-14T01:30:00Z,,,,,,,,,,,,,,,,,,
Major League Soccer,Major League Soccer,2026,13,2026-05-13,01:30,Real Salt Lake,Houston Dynamo,3,0,H,,,,,2026-05-14T01:30:00Z,,,,,,,,,,,,,,,,,,
Major League Soccer,Major League Soccer,2026,14,2026-05-16,23:30,Philadelphia Union,Columbus Crew,1,1,D,,,,,2026-05-16T23:30:00Z,,,,,,,,,,,,,,,,,,
Major League Soccer,Major League Soccer,2026,14,2026-05-16,23:30,Orlando City SC,Atlanta United,1,1,D,,,,,2026-05-16T23:30:00Z,,,,,,,,,,,,,,,,,,
Major League Soccer,Major League Soccer,2026,14,2026-05-16,23:30,New York Red Bulls,New York City FC,1,1,D,,,,,2026-05-16T23:30:00Z,,,,,,,,,,,,,,,,,,
Major League Soccer,Major League Soccer,2026,14,2026-05-16,23:30,Charlotte FC,Toronto FC,3,1,H,,,,,2026-05-16T23:30:00Z,,,,,,,,,,,,,,,,,,
Major League Soccer,Major League Soccer,2026,14,2026-05-16,20:30,CF Montréal,Chicago Fire,0,2,A,,,,,2026-05-16T20:30:00Z,,,,,,,,,,,,,,,,,,
Major League Soccer,Major League Soccer,2026,14,2026-05-16,23:30,New England Revolution,Minnesota United,2,1,H,,,,,2026-05-16T23:30:00Z,,,,,,,,,,,,,,,,,,
Major League Soccer,Major League Soccer,2026,14,2026-05-16,23:30,DC United,St.Louis City,1,1,D,,,,,2026-05-16T23:30:00Z,,,,,,,,,,,,,,,,,,
Major League Soccer,Major League Soccer,2026,14,2026-05-16,00:30,Houston Dynamo,Vancouver Whitecaps,1,0,H,,,,,2026-05-17T00:30:00Z,,,,,,,,,,,,,,,,,,
Major League Soccer,Major League Soccer,2026,14,2026-05-16,00:30,Austin FC,Sporting Kansas City,1,2,A,,,,,2026-05-17T00:30:00Z,,,,,,,,,,,,,,,,,,
Major League Soccer,Major League Soccer,2026,14,2026-05-16,01:15,Seattle Sounders FC,LA Galaxy,0,2,A,,,,,2026-05-17T01:15:00Z,,,,,,,,,,,,,,,,,,
Major League Soccer,Major League Soccer,2026,14,2026-05-16,01:30,Real Salt Lake,Colorado Rapids,2,1,H,,,,,2026-05-17T01:30:00Z,,,,,,,,,,,,,,,,,,
Major League Soccer,Major League Soccer,2026,14,2026-05-16,01:30,San Diego FC,FC Cincinnati,3,3,D,,,,,2026-05-17T01:30:00Z,,,,,,,,,,,,,,,,,,
Major League Soccer,Major League Soccer,2026,14,2026-05-16,02:30,San Jose Earthquakes,FC Dallas,2,3,A,,,,,2026-05-17T02:30:00Z,,,,,,,,,,,,,,,,,,
Major League Soccer,Major League Soccer,2026,14,2026-05-17,22:00,Inter Miami CF,Portland Timbers,2,0,H,,,,,2026-05-17T22:00:00Z,,,,,,,,,,,,,,,,,,
Major League Soccer,Major League Soccer,2026,14,2026-05-17,00:00,Nashville SC,Los Angeles FC,3,2,H,,,,,2026-05-18T00:00:00Z,,,,,,,,,,,,,,,,,,
Major League Soccer,Major League Soccer,2026,15,2026-05-23,18:45,St.Louis City,Austin FC,3,0,H,,,,,2026-05-23T18:45:00Z,,,,,,,,,,,,,,,,,,
Major League Soccer,Major League Soccer,2026,15,2026-05-23,23:30,FC Cincinnati,Orlando City SC,6,2,H,,,,,2026-05-23T23:30:00Z,,,,,,,,,,,,,,,,,,
Major League Soccer,Major League Soccer,2026,15,2026-05-23,23:30,Charlotte FC,New England Revolution,1,0,H,,,,,2026-05-23T23:30:00Z,,,,,,,,,,,,,,,,,,
Major League Soccer,Major League Soccer,2026,15,2026-05-23,23:30,DC United,CF Montréal,4,4,D,,,,,2026-05-23T23:30:00Z,,,,,,,,,,,,,,,,,,
Major League Soccer,Major League Soccer,2026,15,2026-05-23,20:30,Minnesota United,Real Salt Lake,1,1,D,,,,,2026-05-23T20:30:00Z,,,,,,,,,,,,,,,,,,
Major League Soccer,Major League Soccer,2026,15,2026-05-23,00:30,Nashville SC,New York City FC,2,1,H,,,,,2026-05-24T00:30:00Z,,,,,,,,,,,,,,,,,,
Major League Soccer,Major League Soccer,2026,15,2026-05-23,00:30,Chicago Fire,Toronto FC,2,1,H,,,,,2026-05-24T00:30:00Z,,,,,,,,,,,,,,,,,,
Major League Soccer,Major League Soccer,2026,15,2026-05-23,00:30,Sporting Kansas City,New York Red Bulls,1,2,A,,,,,2026-05-24T00:30:00Z,,,,,,,,,,,,,,,,,,
Major League Soccer,Major League Soccer,2026,15,2026-05-23,01:30,San Diego FC,Vancouver Whitecaps,2,4,A,,,,,2026-05-24T01:30:00Z,,,,,,,,,,,,,,,,,,
Major League Soccer,Major League Soccer,2026,15,2026-05-23,01:30,Colorado Rapids,FC Dallas,1,2,A,,,,,2026-05-24T01:30:00Z,,,,,,,,,,,,,,,,,,
Major League Soccer,Major League Soccer,2026,15,2026-05-23,01:30,Portland Timbers,San Jose Earthquakes,1,3,A,,,,,2026-05-24T01:30:00Z,,,,,,,,,,,,,,,,,,
Major League Soccer,Major League Soccer,2026,15,2026-05-23,02:30,LA Galaxy,Houston Dynamo,1,1,D,,,,,2026-05-24T02:30:00Z,,,,,,,,,,,,,,,,,,
Major League Soccer,Major League Soccer,2026,15,2026-05-24,21:00,Columbus Crew,Atlanta United,2,0,H,,,,,2026-05-24T21:00:00Z,,,,,,,,,,,,,,,,,,
Major League Soccer,Major League Soccer,2026,15,2026-05-24,23:00,Inter Miami CF,Philadelphia Union,6,4,H,,,,,2026-05-24T23:00:00Z,,,,,,,,,,,,,,,,,,
Major League Soccer,Major League Soccer,2026,15,2026-05-24,01:15,Los Angeles FC,Seattle Sounders FC,1,0,H,,,,,2026-05-25T01:15:00Z,,,,,,,,,,,,,,,,,,
Major League Soccer,Major League Soccer,2026,16,2026-07-16,23:30,CF Montréal,Toronto FC,0,0,D,,,,,2026-07-16T23:30:00Z,,,,,,,,,,,,,,,,,,
Major League Soccer,Major League Soccer,2026,16,2026-07-16,00:30,St.Louis City,Sporting Kansas City,3,2,H,,,,,2026-07-17T00:30:00Z,,,,,,,,,,,,,,,,,,
Major League Soccer,Major League Soccer,2026,16,2026-07-16,02:30,Seattle Sounders FC,Portland Timbers,1,5,A,,,,,2026-07-17T02:30:00Z,,,,,,,,,,,,,,,,,,
Major League Soccer,Major League Soccer,2026,16,2026-07-17,00:10,Nashville SC,Atlanta United,1,0,H,,,,,2026-07-18T00:10:00Z,,,,,,,,,,,,,,,,,,
Major League Soccer,Major League Soccer,2026,16,2026-07-17,02:25,LA Galaxy,Los Angeles FC,0,3,A,,,,,2026-07-18T02:25:00Z,,,,,,,,,,,,,,,,,,
Major League Soccer,Major League Soccer,2026,16,2026-07-22,23:30,Inter Miami CF,Chicago Fire,3,2,H,,,,,2026-07-22T23:30:00Z,,,,,,,,,,,,,,,,,,
Major League Soccer,Major League Soccer,2026,16,2026-07-22,23:30,FC Cincinnati,Vancouver Whitecaps,4,3,H,,,,,2026-07-22T23:30:00Z,,,,,,,,,,,,,,,,,,
Major League Soccer,Major League Soccer,2026,16,2026-07-22,23:30,Columbus Crew,New York City FC,1,2,A,,,,,2026-07-22T23:30:00Z,,,,,,,,,,,,,,,,,,
Major League Soccer,Major League Soccer,2026,16,2026-07-22,23:30,Philadelphia Union,New York Red Bulls,3,1,H,,,,,2026-07-22T23:30:00Z,,,,,,,,,,,,,,,,,,
Major League Soccer,Major League Soccer,2026,16,2026-07-22,23:30,New England Revolution,Toronto FC,0,0,D,,,,,2026-07-22T23:30:00Z,,,,,,,,,,,,,,,,,,
Major League Soccer,Major League Soccer,2026,16,2026-07-22,00:15,Charlotte FC,Atlanta United,2,2,D,,,,,2026-07-23T00:15:00Z,,,,,,,,,,,,,,,,,,
Major League Soccer,Major League Soccer,2026,16,2026-07-22,01:30,Austin FC,Seattle Sounders FC,3,1,H,,,,,2026-07-23T01:30:00Z,,,,,,,,,,,,,,,,,,
Major League Soccer,Major League Soccer,2026,16,2026-07-22,00:30,Nashville SC,CF Montréal,1,0,H,,,,,2026-07-23T00:30:00Z,,,,,,,,,,,,,,,,,,
Major League Soccer,Major League Soccer,2026,16,2026-07-22,00:30,Sporting Kansas City,Minnesota United,2,1,H,,,,,2026-07-23T00:30:00Z,,,,,,,,,,,,,,,,,,
Major League Soccer,Major League Soccer,2026,16,2026-07-22,00:30,Houston Dynamo,DC United,1,1,D,,,,,2026-07-23T00:30:00Z,,,,,,,,,,,,,,,,,,
Major League Soccer,Major League Soccer,2026,16,2026-07-22,01:30,Colorado Rapids,San Diego FC,1,0,H,,,,,2026-07-23T01:30:00Z,,,,,,,,,,,,,,,,,,
Major League Soccer,Major League Soccer,2026,16,2026-07-22,02:30,Los Angeles FC,Real Salt Lake,3,1,H,,,,,2026-07-23T02:30:00Z,,,,,,,,,,,,,,,,,,
Major League Soccer,Major League Soccer,2026,16,2026-07-22,02:30,LA Galaxy,St.Louis City,1,3,A,,,,,2026-07-23T02:30:00Z,,,,,,,,,,,,,,,,,,
Major League Soccer,Major League Soccer,2026,16,2026-07-22,02:30,San Jose Earthquakes,Orlando City SC,0,4,A,,,,,2026-07-23T02:30:00Z,,,,,,,,,,,,,,,,,,
Major League Soccer,Major League Soccer,2026,16,2026-07-22,02:30,Portland Timbers,FC Dallas,2,2,D,,,,,2026-07-23T02:30:00Z,,,,,,,,,,,,,,,,,,
Major League Soccer,Major League Soccer,2026,17,2026-07-25,23:15,Columbus Crew,FC Cincinnati,2,1,H,,,,,2026-07-25T23:15:00Z,,,,,,,,,,,,,,,,,,
Major League Soccer,Major League Soccer,2026,17,2026-07-25,23:30,CF Montréal,Inter Miami CF,0,1,A,,,,,2026-07-25T23:30:00Z,,,,,,,,,,,,,,,,,,
Major League Soccer,Major League Soccer,2026,17,2026-07-25,23:30,Philadelphia Union,Seattle Sounders FC,1,0,H,,,,,2026-07-25T23:30:00Z,,,,,,,,,,,,,,,,,,
Major League Soccer,Major League Soccer,2026,17,2026-07-25,23:30,Orlando City SC,Nashville SC,1,0,H,,,,,2026-07-25T23:30:00Z,,,,,,,,,,,,,,,,,,
Major League Soccer,Major League Soccer,2026,17,2026-07-25,23:30,New York City FC,Chicago Fire,3,1,H,,,,,2026-07-25T23:30:00Z,,,,,,,,,,,,,,,,,,
Major League Soccer,Major League Soccer,2026,17,2026-07-25,23:30,New England Revolution,Atlanta United,4,1,H,,,,,2026-07-25T23:30:00Z,,,,,,,,,,,,,,,,,,
Major League Soccer,Major League Soccer,2026,17,2026-07-25,22:30,New York Red Bulls,Charlotte FC,0,2,A,,,,,2026-07-25T22:30:00Z,,,,,,,,,,,,,,,,,,
Major League Soccer,Major League Soccer,2026,17,2026-07-25,23:30,DC United,Toronto FC,2,1,H,,,,,2026-07-25T23:30:00Z,,,,,,,,,,,,,,,,,,
Major League Soccer,Major League Soccer,2026,17,2026-07-25,00:30,Minnesota United,Vancouver Whitecaps,0,0,D,,,,,2026-07-26T00:30:00Z,,,,,,,,,,,,,,,,,,
Major League Soccer,Major League Soccer,2026,17,2026-07-25,00:30,Houston Dynamo,Austin FC,3,0,H,,,,,2026-07-26T00:30:00Z,,,,,,,,,,,,,,,,,,
Major League Soccer,Major League Soccer,2026,17,2026-07-25,00:30,St.Louis City,Colorado Rapids,1,0,H,,,,,2026-07-26T00:30:00Z,,,,,,,,,,,,,,,,,,
Major League Soccer,Major League Soccer,2026,17,2026-07-25,01:30,San Diego FC,FC Dallas,1,0,H,,,,,2026-07-26T01:30:00Z,,,,,,,,,,,,,,,,,,
Major League Soccer,Major League Soccer,2026,17,2026-07-25,02:30,Los Angeles FC,Sporting Kansas City,4,0,H,,,,,2026-07-26T02:30:00Z,,,,,,,,,,,,,,,,,,
Major League Soccer,Major League Soccer,2026,17,2026-07-25,02:30,San Jose Earthquakes,LA Galaxy,1,1,D,,,,,2026-07-26T02:30:00Z,,,,,,,,,,,,,,,,,,
Major League Soccer,Major League Soccer,2026,17,2026-07-25,02:30,Portland Timbers,Real Salt Lake,2,1,H,,,,,2026-07-26T02:30:00Z,,,,,,,,,,,,,,,,,,
Major League Soccer,Major League Soccer,2026,18,2026-07-31,23:30,New York City FC,Toronto FC,1,1,D,,,,,2026-07-31T23:30:00Z,,,,,,,,,,,,,,,,,,
Major League Soccer,Major League Soccer,2026,18,2026-08-01,23:30,Inter Miami CF,Columbus Crew,2,2,D,,,,,2026-08-01T23:30:00Z,,,,,,,,,,,,,,,,,,
Major League Soccer,Major League Soccer,2026,18,2026-08-01,23:30,Vancouver Whitecaps,Los Angeles FC,1,1,D,,,,,2026-08-01T23:30:00Z,,,,,,,,,,,,,,,,,,
Major League Soccer,Major League Soccer,2026,18,2026-08-01,23:30,Philadelphia Union,Atlanta United,3,2,H,,,,,2026-08-01T23:30:00Z,,,,,,,,,,,,,,,,,,
Major League Soccer,Major League Soccer,2026,18,2026-08-01,23:30,New York Red Bulls,Orlando City SC,3,2,H,,,,,2026-08-01T23:30:00Z,,,,,,,,,,,,,,,,,,
Major League Soccer,Major League Soccer,2026,18,2026-08-01,23:30,FC Cincinnati,San Jose Earthquakes,4,2,H,,,,,2026-08-01T23:30:00Z,,,,,,,,,,,,,,,,,,
Major League Soccer,Major League Soccer,2026,18,2026-08-01,23:30,DC United,Nashville SC,2,2,D,,,,,2026-08-01T23:30:00Z,,,,,,,,,,,,,,,,,,
Major League Soccer,Major League Soccer,2026,18,2026-08-01,23:30,CF Montréal,New England Revolution,2,2,D,,,,,2026-08-01T23:30:00Z,,,,,,,,,,,,,,,,,,
Major League Soccer,Major League Soccer,2026,18,2026-08-01,00:30,Chicago Fire,Charlotte FC,2,1,H,,,,,2026-08-02T00:30:00Z,,,,,,,,,,,,,,,,,,
Major League Soccer,Major League Soccer,2026,18,2026-08-01,00:30,Minnesota United,San Diego FC,1,1,D,,,,,2026-08-02T00:30:00Z,,,,,,,,,,,,,,,,,,
Major League Soccer,Major League Soccer,2026,18,2026-08-01,00:30,Sporting Kansas City,Houston Dynamo,0,2,A,,,,,2026-08-02T00:30:00Z,,,,,,,,,,,,,,,,,,
Major League Soccer,Major League Soccer,2026,18,2026-08-01,00:30,St.Louis City,Real Salt Lake,1,1,D,,,,,2026-08-02T00:30:00Z,,,,,,,,,,,,,,,,,,
Major League Soccer,Major League Soccer,2026,18,2026-08-01,01:30,Colorado Rapids,Austin FC,1,0,H,,,,,2026-08-02T01:30:00Z,,,,,,,,,,,,,,,,,,
Major League Soccer,Major League Soccer,2026,18,2026-08-01,02:30,LA Galaxy,FC Dallas,0,0,D,,,,,2026-08-02T02:30:00Z,,,,,,,,,,,,,,,,,,
Major League Soccer,Major League Soccer,2026,18,2026-08-01,02:45,Portland Timbers,Seattle Sounders FC,2,1,H,,,,,2026-08-02T02:45:00Z,,,,,,,,,,,,,,,,,,
Major League Soccer,Major League Soccer,2026,19,2026-08-15,23:30,Orlando City SC,FC Cincinnati,1,1,D,,,,,2026-08-15T23:30:00Z,,,,,,,,,,,,,,,,,,
Major League Soccer,Major League Soccer,2026,19,2026-08-15,23:30,Atlanta United,New York Red Bulls,2,1,H,,,,,2026-08-15T23:30:00Z,,,,,,,,,,,,,,,,,,
Major League Soccer,Major League Soccer,2026,19,2026-08-15,23:30,Charlotte FC,Columbus Crew,3,1,H,,,,,2026-08-15T23:30:00Z,,,,,,,,,,,,,,,,,,
Major League Soccer,Major League Soccer,2026,19,2026-08-15,23:30,Toronto FC,New England Revolution,2,1,H,,,,,2026-08-15T23:30:00Z,,,,,,,,,,,,,,,,,,
Major League Soccer,Major League Soccer,2026,19,2026-08-15,23:30,CF Montréal,DC United,1,1,D,,,,,2026-08-15T23:30:00Z,,,,,,,,,,,,,,,,,,
Major League Soccer,Major League Soccer,2026,19,2026-08-15,00:30,Nashville SC,Inter Miami CF,4,1,H,,,,,2026-08-16T00:30:00Z,,,,,,,,,,,,,,,,,,
Major League Soccer,Major League Soccer,2026,19,2026-08-15,00:30,Houston Dynamo,LA Galaxy,1,0,H,,,,,2026-08-16T00:30:00Z,,,,,,,,,,,,,,,,,,
Major League Soccer,Major League Soccer,2026,19,2026-08-15,01:30,Real Salt Lake,Minnesota United,1,1,D,,,,,2026-08-16T01:30:00Z,,,,,,,,,,,,,,,,,,
Major League Soccer,Major League Soccer,2026,19,2026-08-15,01:30,Colorado Rapids,Sporting Kansas City,2,0,H,,,,,2026-08-16T01:30:00Z,,,,,,,,,,,,,,,,,,
Major League Soccer,Major League Soccer,2026,19,2026-08-15,02:30,Los Angeles FC,San Diego FC,0,1,A,,,,,2026-08-16T02:30:00Z,,,,,,,,,,,,,,,,,,
Major League Soccer,Major League Soccer,2026,19,2026-08-15,02:30,San Jose Earthquakes,St.Louis City,1,3,A,,,,,2026-08-16T02:30:00Z,,,,,,,,,,,,,,,,,,
Major League Soccer,Major League Soccer,2026,19,2026-08-16,22:00,New York City FC,Philadelphia Union,2,3,A,,,,,2026-08-16T22:00:00Z,,,,,,,,,,,,,,,,,,
Major League Soccer,Major League Soccer,2026,19,2026-08-16,22:00,Chicago Fire,Portland Timbers,2,1,H,,,,,2026-08-16T22:00:00Z,,,,,,,,,,,,,,,,,,
Major League Soccer,Major League Soccer,2026,19,2026-08-16,00:30,Austin FC,FC Dallas,1,2,A,,,,,2026-08-17T00:30:00Z,,,,,,,,,,,,,,,,,,
Major League Soccer,Major League Soccer,2026,19,2026-08-16,02:30,Seattle Sounders FC,Vancouver Whitecaps,0,2,A,,,,,2026-08-17T02:30:00Z,,,,,,,,,,,,,,,,,,
Major League Soccer,Major League Soccer,2026,20,2026-08-19,23:30,Philadelphia Union,Inter Miami CF,2,2,D,,,,,2026-08-19T23:30:00Z,,,,,,,,,,,,,,,,,,
Major League Soccer,Major League Soccer,2026,20,2026-08-19,23:30,FC Cincinnati,New York City FC,2,1,H,,,,,2026-08-19T23:30:00Z,,,,,,,,,,,,,,,,,,
Major League Soccer,Major League Soccer,2026,20,2026-08-19,23:30,Columbus Crew,CF Montréal,1,2,A,,,,,2026-08-19T23:30:00Z,,,,,,,,,,,,,,,,,,
Major League Soccer,Major League Soccer,2026,20,2026-08-19,23:30,New York Red Bulls,Nashville SC,0,1,A,,,,,2026-08-19T23:30:00Z,,,,,,,,,,,,,,,,,,
Major League Soccer,Major League Soccer,2026,20,2026-08-19,23:30,Orlando City SC,Chicago Fire,1,2,A,,,,,2026-08-19T23:30:00Z,,,,,,,,,,,,,,,,,,
Major League Soccer,Major League Soccer,2026,20,2026-08-19,23:30,Toronto FC,Charlotte FC,3,3,D,,,,,2026-08-19T23:30:00Z,,,,,,,,,,,,,,,,,,
Major League Soccer,Major League Soccer,2026,20,2026-08-19,23:30,DC United,New England Revolution,0,3,A,,,,,2026-08-19T23:30:00Z,,,,,,,,,,,,,,,,,,
Major League Soccer,Major League Soccer,2026,20,2026-08-19,00:00,Sporting Kansas City,St.Louis City,1,1,D,,,,,2026-08-20T00:00:00Z,,,,,,,,,,,,,,,,,,
Major League Soccer,Major League Soccer,2026,20,2026-08-19,00:30,Minnesota United,Atlanta United,1,2,A,,,,,2026-08-20T00:30:00Z,,,,,,,,,,,,,,,,,,
Major League Soccer,Major League Soccer,2026,20,2026-08-19,01:30,Colorado Rapids,Los Angeles FC,1,0,H,,,,,2026-08-20T01:30:00Z,,,,,,,,,,,,,,,,,,
Major League Soccer,Major League Soccer,2026,20,2026-08-19,01:30,Seattle Sounders FC,Austin FC,1,2,A,,,,,2026-08-20T01:30:00Z,,,,,,,,,,,,,,,,,,
Major League Soccer,Major League Soccer,2026,20,2026-08-19,01:30,Real Salt Lake,FC Dallas,3,4,A,,,,,2026-08-20T01:30:00Z,,,,,,,,,,,,,,,,,,
Major League Soccer,Major League Soccer,2026,20,2026-08-19,02:30,LA Galaxy,San Jose Earthquakes,1,0,H,,,,,2026-08-20T02:30:00Z,,,,,,,,,,,,,,,,,,
Major League Soccer,Major League Soccer,2026,20,2026-08-19,02:30,Vancouver Whitecaps,Houston Dynamo,0,1,A,,,,,2026-08-20T02:30:00Z,,,,,,,,,,,,,,,,,,
Major League Soccer,Major League Soccer,2026,20,2026-08-19,02:30,Portland Timbers,San Diego FC,3,1,H,,,,,2026-08-20T02:30:00Z,,,,,,,,,,,,,,,,,,
Major League Soccer,Major League Soccer,2026,21,2026-08-22,23:30,Inter Miami CF,Toronto FC,1,2,A,,,,,2026-08-22T23:30:00Z,,,,,,,,,,,,,,,,,,
Major League Soccer,Major League Soccer,2026,21,2026-08-22,23:30,FC Cincinnati,Seattle Sounders FC,1,1,D,,,,,2026-08-22T23:30:00Z,,,,,,,,,,,,,,,,,,
Major League Soccer,Major League Soccer,2026,21,2026-08-22,23:30,CF Montréal,LA Galaxy,2,2,D,,,,,2026-08-22T23:30:00Z,,,,,,,,,,,,,,,,,,
Major League Soccer,Major League Soccer,2026,21,2026-08-22,23:30,New York Red Bulls,Chicago Fire,1,1,D,,,,,2026-08-22T23:30:00Z,,,,,,,,,,,,,,,,,,
Major League Soccer,Major League Soccer,2026,21,2026-08-22,23:30,Orlando City SC,Real Salt Lake,2,1,H,,,,,2026-08-22T23:30:00Z,,,,,,,,,,,,,,,,,,
Major League Soccer,Major League Soccer,2026,21,2026-08-22,23:30,Charlotte FC,DC United,3,1,H,,,,,2026-08-22T23:30:00Z,,,,,,,,,,,,,,,,,,
Major League Soccer,Major League Soccer,2026,21,2026-08-22,00:30,Nashville SC,Columbus Crew,3,2,H,,,,,2026-08-23T00:30:00Z,,,,,,,,,,,,,,,,,,
Major League Soccer,Major League Soccer,2026,21,2026-08-22,01:00,Austin FC,Philadelphia Union,1,1,D,,,,,2026-08-23T01:00:00Z,,,,,,,,,,,,,,,,,,
Major League Soccer,Major League Soccer,2026,21,2026-08-22,00:30,St.Louis City,Houston Dynamo,2,1,H,,,,,2026-08-23T00:30:00Z,,,,,,,,,,,,,,,,,,
Major League Soccer,Major League Soccer,2026,21,2026-08-22,01:30,Vancouver Whitecaps,FC Dallas,5,0,H,,,,,2026-08-23T01:30:00Z,,,,,,,,,,,,,,,,,,
Major League Soccer,Major League Soccer,2026,21,2026-08-22,02:30,Los Angeles FC,Portland Timbers,1,1,D,,,,,2026-08-23T02:30:00Z,,,,,,,,,,,,,,,,,,
Major League Soccer,Major League Soccer,2026,21,2026-08-22,02:30,San Diego FC,Colorado Rapids,3,0,H,,,,,2026-08-23T02:30:00Z,,,,,,,,,,,,,,,,,,
Major League Soccer,Major League Soccer,2026,21,2026-08-22,02:30,San Jose Earthquakes,Minnesota United,1,5,A,,,,,2026-08-23T02:30:00Z,,,,,,,,,,,,,,,,,,
Major League Soccer,Major League Soccer,2026,21,2026-08-23,20:30,New England Revolution,New York City FC,1,1,D,,,,,2026-08-23T20:30:00Z,,,,,,,,,,,,,,,,,,
Major League Soccer,Major League Soccer,2026,21,2026-08-23,23:00,Atlanta United,Sporting Kansas City,2,1,H,,,,,2026-08-23T23:00:00Z,,,,,,,,,,,,,,,,,,
